group,label,iter,pos,test,ops,elapsed_s,class,batches,rec_per_batch,window_us,snapshot_us,fsync_us,coord_us,closes,cpu_s,wall_s,rss_mb,threads,handles,prio,affinity,mpeng_cpu_delta_s,perfpct_pre,plan,start_time,result,perf_pct_mean,perf_pct_max,cpu_pct_mean,cpu_pct_max,disk_time_mean,disk_time_max,disk_q_mean,disk_q_max,disk_sec_write_mean,disk_sec_write_max,disk_sec_read_mean,disk_sec_read_max,mem_avail_mb_mean,mem_avail_mb_max,ctx_sw_mean,ctx_sw_max,proc_q_mean,proc_q_max
p1,cur,1,1,M13,104925,9.531,FAST,1316,759.9,2220.6,224.1,4657.0,138.6,"0,0,116,1,1199",57.5,14.9,88,1005,1059,BelowNormal,255,0,104.4,Power Scheme GUID: 381b4222-f694-41f0-9685-ff5bb260df2e (Balanced),14:00:36,ok,,,,,,,,,,,,,,,,,,
p1,cur,1,2,M12,16583,6.030,FAST,1192,83.9,483.4,67.6,4364.5,141.0,"0,0,1,3,1188",13.3,7.2,11,105,160,BelowNormal,255,0,22.2,Power Scheme GUID: 381b4222-f694-41f0-9685-ff5bb260df2e (Balanced),14:01:02,ok,,,,,,,,,,,,,,,,,,
p1,cur,2,1,M13,96975,10.312,FAST,1294,772.8,2473.3,215.3,5086.9,191.4,"0,0,121,1,1172",70.4,15.4,88,1005,1060,BelowNormal,255,0,37.4,Power Scheme GUID: 381b4222-f694-41f0-9685-ff5bb260df2e (Balanced),14:01:21,ok,,,,,,,,,,,,,,,,,,
p1,cur,2,2,M12,16161,6.188,FAST,1199,83.4,512.2,96.5,4408.0,141.7,"0,0,2,1,1196",13.4,7.1,8,105,160,BelowNormal,255,0,30.8,Power Scheme GUID: 381b4222-f694-41f0-9685-ff5bb260df2e (Balanced),14:01:47,ok,,,,,,,,,,,,,,,,,,
p1,cur,3,1,M13,106280,9.409,FAST,1235,809.7,2479.0,268.7,4753.5,115.8,"0,0,130,1,1104",64.2,14.3,84,1005,1060,BelowNormal,255,0,26.3,Power Scheme GUID: 381b4222-f694-41f0-9685-ff5bb260df2e (Balanced),14:02:05,ok,,,,,,,,,,,,,,,,,,
p1,cur,3,2,M12,16248,6.155,FAST,1197,83.5,513.7,95.2,4390.4,139.3,"0,0,1,2,1194",14.5,7.2,9,105,160,BelowNormal,255,0,22,Power Scheme GUID: 381b4222-f694-41f0-9685-ff5bb260df2e (Balanced),14:02:31,ok,,,,,,,,,,,,,,,,,,
p1,cur,4,1,M13,102536,9.753,FAST,1245,803.2,2548.2,230.7,4907.7,145.0,"0,0,119,0,1126",66.6,14.8,87,1005,1060,BelowNormal,255,0,24.5,Power Scheme GUID: 381b4222-f694-41f0-9685-ff5bb260df2e (Balanced),14:02:49,ok,,,,,,,,,,,,,,,,,,
p1,cur,4,2,M12,16123,6.202,FAST,1220,82,510.1,97.5,4324.0,149.1,"0,0,1,5,1214",0,7.2,9,105,160,BelowNormal,255,0,37.9,Power Scheme GUID: 381b4222-f694-41f0-9685-ff5bb260df2e (Balanced),14:03:15,ok,,,,,,,,,,,,,,,,,,
p1,cur,5,1,M13,104501,9.569,FAST,1281,780.6,2340.7,240.9,4759.3,126.6,"0,0,106,0,1175",66.6,14.9,81,1005,1060,BelowNormal,255,0,46.2,Power Scheme GUID: 381b4222-f694-41f0-9685-ff5bb260df2e (Balanced),14:03:33,ok,,,,,,,,,,,,,,,,,,
p1,cur,5,2,M12,16414,6.093,FAST,1182,84.6,507.2,118.1,4381.1,145.3,"0,0,1,0,1181",13.5,7.1,10,105,160,BelowNormal,255,0,24.7,Power Scheme GUID: 381b4222-f694-41f0-9685-ff5bb260df2e (Balanced),14:03:59,ok,,,,,,,,,,,,,,,,,,
p1,cur,6,1,M13,103589,9.654,FAST,1221,819,2568.2,252.4,4940.2,141.3,"0,0,111,3,1107",65.8,14.8,89,1005,1060,BelowNormal,255,0,31.1,Power Scheme GUID: 381b4222-f694-41f0-9685-ff5bb260df2e (Balanced),14:04:17,ok,,,,,,,,,,,,,,,,,,
p1,cur,6,2,M12,15809,6.325,FAST,1247,80.2,491.5,97.7,4334.8,146.1,"0,0,1,7,1239",14.4,7.2,6,105,160,BelowNormal,255,0,75.2,Power Scheme GUID: 381b4222-f694-41f0-9685-ff5bb260df2e (Balanced),14:04:43,ok,,,,,,,,,,,,,,,,,,
p1,cur,7,1,M13,100787,9.922,FAST,1215,823,2577.0,279.9,5149.6,156.1,"0,0,117,0,1098",68.5,14.9,85,1005,1060,BelowNormal,255,0,22.3,Power Scheme GUID: 381b4222-f694-41f0-9685-ff5bb260df2e (Balanced),14:05:02,ok,,,,,,,,,,,,,,,,,,
p1,cur,7,2,M12,15865,6.303,FAST,1240,80.6,499.3,98.3,4337.2,145.7,"0,0,1,1,1238",14.3,7.2,6,105,160,BelowNormal,255,0,22.6,Power Scheme GUID: 381b4222-f694-41f0-9685-ff5bb260df2e (Balanced),14:05:28,ok,,,,,,,,,,,,,,,,,,
p1,cur,8,1,M13,105976,9.436,FAST,1237,808.4,2439.9,247.2,4786.5,151.7,"0,0,123,1,1113",62.2,14.4,82,1005,1061,BelowNormal,255,0,22.2,Power Scheme GUID: 381b4222-f694-41f0-9685-ff5bb260df2e (Balanced),14:05:46,ok,,,,,,,,,,,,,,,,,,
p1,cur,8,2,M12,16276,6.144,FAST,1172,85.3,486.0,78.4,4543.8,132.0,"0,0,1,1,1170",11.2,7.2,10,105,160,BelowNormal,255,0,22.9,Power Scheme GUID: 381b4222-f694-41f0-9685-ff5bb260df2e (Balanced),14:06:11,ok,,,,,,,,,,,,,,,,,,
p1,cur,9,1,M13,100657,9.935,FAST,1239,807.1,2632.1,245.2,4975.0,164.0,"0,0,121,0,1118",66.3,14.9,85,1005,1061,BelowNormal,255,0,22.7,Power Scheme GUID: 381b4222-f694-41f0-9685-ff5bb260df2e (Balanced),14:06:30,ok,,,,,,,,,,,,,,,,,,
p1,cur,9,2,M12,17057,5.863,FAST,1141,87.6,481.5,65.1,4477.5,112.3,"0,0,1,2,1138",11.1,7.2,6,105,160,BelowNormal,255,0,34.9,Power Scheme GUID: 381b4222-f694-41f0-9685-ff5bb260df2e (Balanced),14:06:55,ok,,,,,,,,,,,,,,,,,,
p1,cur,10,1,M13,99659,10.034,FAST,1253,798.1,2556.7,221.7,5070.7,157.5,"0,0,125,1,1127",68.7,14.9,82,1005,1061,BelowNormal,255,0,22.3,Power Scheme GUID: 381b4222-f694-41f0-9685-ff5bb260df2e (Balanced),14:07:14,ok,,,,,,,,,,,,,,,,,,
p1,cur,10,2,M12,16204,6.171,FAST,1216,82.2,502.6,94.3,4332.9,142.5,"0,0,1,5,1210",13.7,7.1,8,105,160,BelowNormal,255,0,22,Power Scheme GUID: 381b4222-f694-41f0-9685-ff5bb260df2e (Balanced),14:07:40,ok,,,,,,,,,,,,,,,,,,
p1,cur,11,1,M13,101926,9.811,FAST,1284,778.8,2369.2,215.1,4878.3,176.1,"0,0,117,0,1167",67,15.4,86,1005,1060,BelowNormal,255,0,22.1,Power Scheme GUID: 381b4222-f694-41f0-9685-ff5bb260df2e (Balanced),14:07:58,ok,109.7977,115.0787,59.6209,91.6294,3.4976,7.8172,0.07,0.1563,0.0003,0.0005,0.0,0.0,9446.7333,9491.0,987822.7356,1904592.2769,22.9333,288.0
p1,cur,11,2,M12,17089,5.852,FAST,1135,88.1,484.0,85.8,4453.3,130.4,"0,0,2,2,1131",9.7,7.2,7,105,160,BelowNormal,255,0,22.2,Power Scheme GUID: 381b4222-f694-41f0-9685-ff5bb260df2e (Balanced),14:08:24,ok,58.8351,93.0257,20.8038,38.0568,7.1145,12.8932,0.1423,0.2579,0.0004,0.0006,0.0,0.0,9494.1429,9502.0,213156.7126,302051.2813,18.4286,93.0
p1,cur,12,1,M13,100730,9.928,FAST,1352,739.6,2206.9,198.1,4779.6,156.8,"0,0,111,1,1240",68.2,15.3,80,1005,1061,BelowNormal,255,0,23.2,Power Scheme GUID: 381b4222-f694-41f0-9685-ff5bb260df2e (Balanced),14:08:43,ok,109.8388,115.0536,61.4685,94.0138,3.0863,6.8062,0.0617,0.1361,0.0003,0.0006,0.0,0.0,9450.8667,9484.0,1049340.6177,1852159.1368,182.2,900.0
p1,cur,12,2,M12,17202,5.813,FAST,1142,87.6,499.0,72.1,4389.0,127.9,"0,0,1,2,1139",10.8,7.2,7,105,160,BelowNormal,255,0,22.3,Power Scheme GUID: 381b4222-f694-41f0-9685-ff5bb260df2e (Balanced),14:09:09,ok,57.873,95.6472,23.0663,35.6231,6.2701,20.3143,0.1254,0.4063,0.0003,0.001,0.0001,0.0004,9483.2857,9491.0,210914.6086,301588.4746,13.4286,94.0
p1,cur,13,1,M13,99262,10.074,FAST,1294,772.8,2507.8,204.9,4894.9,170.5,"0,0,133,0,1161",68.9,15.3,80,1005,1061,BelowNormal,255,0,21.9,Power Scheme GUID: 381b4222-f694-41f0-9685-ff5bb260df2e (Balanced),14:09:27,ok,110.6492,115.0534,61.2664,91.6587,3.1561,12.9287,0.0631,0.2586,0.0003,0.0009,0.0,0.0,9456.4667,9497.0,980843.0987,1638572.8987,156.5333,500.0
p1,cur,13,2,M12,17166,5.825,FAST,1135,88.1,496.2,77.4,4427.4,129.9,"0,0,1,2,1132",10.4,7.1,6,105,160,BelowNormal,255,0,22.8,Power Scheme GUID: 381b4222-f694-41f0-9685-ff5bb260df2e (Balanced),14:09:54,ok,60.1639,100.5722,22.2942,35.9211,8.2694,21.9078,0.1654,0.4382,0.0004,0.0011,0.0,0.0,9500.2857,9505.0,212387.591,327559.3512,11.8571,51.0
p1,cur,14,1,M13,105956,9.438,FAST,1291,774.6,2234.2,222.9,4712.0,135.7,"0,0,95,0,1196",0,15.3,72,1005,1061,BelowNormal,255,0,23.2,Power Scheme GUID: 381b4222-f694-41f0-9685-ff5bb260df2e (Balanced),14:10:12,ok,108.396,115.3201,56.1647,91.087,3.5636,12.9569,0.0713,0.2591,0.0003,0.0006,0.0001,0.0006,9443.9333,9484.0,958463.1598,1643087.8884,97.2,544.0
p1,cur,14,2,M12,17210,5.811,FAST,1156,86.5,481.6,57.7,4362.5,122.9,"0,0,1,5,1150",0,7.1,6,105,160,BelowNormal,255,0,24.2,Power Scheme GUID: 381b4222-f694-41f0-9685-ff5bb260df2e (Balanced),14:10:38,ok,57.4487,86.9213,23.2741,30.3957,6.435,14.7087,0.1287,0.2942,0.0004,0.0007,0.0,0.0,9483.0,9487.0,230606.461,282364.9486,27.1429,91.0
p1,cur,15,1,M13,104318,9.586,FAST,1285,778.2,2363.2,214.4,4766.3,114.0,"0,0,112,0,1173",62.5,15.3,88,1005,1061,BelowNormal,255,0,28.3,Power Scheme GUID: 381b4222-f694-41f0-9685-ff5bb260df2e (Balanced),14:10:57,ok,109.337,115.3254,56.2536,93.9655,3.6301,9.2777,0.0726,0.1855,0.0004,0.001,0.0,0.0,9439.8,9483.0,974882.1617,1687055.8612,171.0,992.0
p1,cur,15,2,M12,17572,5.691,FAST,1122,89.1,488.1,64.7,4391.9,125.0,"0,0,1,2,1119",9.9,7.1,9,105,160,BelowNormal,255,0,23.1,Power Scheme GUID: 381b4222-f694-41f0-9685-ff5bb260df2e (Balanced),14:11:23,ok,61.3397,93.4567,21.6049,30.1833,5.874,13.8795,0.1175,0.2776,0.0003,0.0007,0.0,0.0,9490.0,9494.0,200554.9982,324139.9567,3.7143,26.0
p1,cur,16,1,M13,98976,10.103,FAST,1344,744,2305.5,197.7,4880.0,131.0,"0,0,128,1,1215",67.8,15.3,78,1005,1060,BelowNormal,255,0,31.3,Power Scheme GUID: 381b4222-f694-41f0-9685-ff5bb260df2e (Balanced),14:11:41,ok,110.9198,114.9411,60.5791,92.4039,3.4754,8.461,0.0695,0.1692,0.0003,0.0006,0.0,0.0,9454.3333,9491.0,1086607.5732,2021878.3687,123.6,684.0
p1,cur,16,2,M12,17868,5.597,FAST,1102,90.7,476.9,65.3,4412.7,121.6,"0,0,1,6,1095",8.9,7.1,9,105,160,BelowNormal,255,0,22.6,Power Scheme GUID: 381b4222-f694-41f0-9685-ff5bb260df2e (Balanced),14:12:08,ok,65.6853,97.4559,20.563,31.2053,5.6673,17.4795,0.1133,0.3496,0.0003,0.0008,0.0,0.0,9492.1429,9499.0,186764.2766,278782.4694,0.5714,4.0
p1,cur,17,1,M13,97836,10.221,FAST,1328,753,2473.3,230.2,4837.7,153.2,"0,0,132,0,1196",69.4,15.3,77,1005,1061,BelowNormal,255,0,89.7,Power Scheme GUID: 381b4222-f694-41f0-9685-ff5bb260df2e (Balanced),14:12:26,ok,110.9825,115.3442,61.7572,91.495,4.8127,31.106,0.0963,0.6221,0.0004,0.0021,0.0,0.0,9459.4,9501.0,1061805.1502,1858262.9107,144.8,991.0
p1,cur,17,2,M12,14618,6.841,SLOW,1123,89,485.0,73.8,5409.6,120.8,"0,0,1,4,1118",0,8.2,7,105,160,BelowNormal,255,0,34.8,Power Scheme GUID: 381b4222-f694-41f0-9685-ff5bb260df2e (Balanced),14:12:52,FAILED,56.1759,80.8611,22.6549,37.5757,11.6566,40.9149,0.233,0.8175,0.0009,0.0038,0.0001,0.0006,9492.875,9500.0,175360.8557,308635.8419,22.875,93.0
p1,cur,18,1,M13,100708,9.930,FAST,1303,767.5,2356.1,203.4,4910.6,149.0,"0,0,114,0,1189",67.3,15.4,83,1005,1061,BelowNormal,255,0,22.9,Power Scheme GUID: 381b4222-f694-41f0-9685-ff5bb260df2e (Balanced),14:13:12,ok,110.2428,115.0984,59.8148,93.1105,4.8001,14.3393,0.096,0.2868,0.0004,0.001,0.0,0.0,9430.4667,9477.0,1003755.6334,1785648.5168,140.2667,933.0
p1,cur,18,2,M12,17187,5.818,FAST,1134,88.2,491.7,70.9,4440.5,124.7,"0,0,2,2,1130",0,7.2,6,105,160,BelowNormal,255,0,22.2,Power Scheme GUID: 381b4222-f694-41f0-9685-ff5bb260df2e (Balanced),14:13:38,ok,62.4949,96.8335,22.6,39.2642,8.7682,19.4496,0.1754,0.389,0.0005,0.0009,0.0,0.0,9478.1429,9485.0,210067.6469,340110.5267,24.4286,97.0
p1,cur,19,1,M13,106494,9.390,FAST,1287,777,2237.3,228.2,4701.7,127.1,"0,0,112,0,1175",0,15.3,72,1005,1060,BelowNormal,255,0,28.3,Power Scheme GUID: 381b4222-f694-41f0-9685-ff5bb260df2e (Balanced),14:13:56,ok,107.58,115.0611,55.5711,92.3335,3.9217,12.4671,0.0784,0.2493,0.0004,0.0009,0.0,0.0004,9588.5333,9620.0,979648.3927,1773419.8669,174.1333,818.0
p1,cur,19,2,M12,17496,5.716,FAST,1129,88.6,474.2,68.8,4387.2,130.6,"0,0,1,5,1123",11.8,7.2,8,105,160,BelowNormal,255,0,22.6,Power Scheme GUID: 381b4222-f694-41f0-9685-ff5bb260df2e (Balanced),14:14:23,ok,62.3063,99.5543,25.0568,35.988,6.2032,20.507,0.1241,0.4101,0.0004,0.001,0.0,0.0,9628.1429,9633.0,202744.6729,300714.4641,0.0,0.0
p1,cur,20,1,M13,93533,10.691,AMBIGUOUS,1604,623.4,1769.0,127.2,4538.1,228.4,"0,0,144,4,1456",0,17.8,77,1005,1061,BelowNormal,255,0,111,Power Scheme GUID: 381b4222-f694-41f0-9685-ff5bb260df2e (Balanced),14:14:41,ok,111.149,111.948,78.7435,97.3107,81.3059,319.4354,1.6261,6.3887,0.0011,0.0033,0.0019,0.004,9213.0625,9395.0,1055666.5051,1978330.3459,284.375,748.0
p1,cur,20,2,M12,20371,4.909,FAST,1057,94.6,431.2,6.3,4148.6,56.7,"0,0,1,4,1052",0,6.1,6,105,160,BelowNormal,255,0,112.8,Power Scheme GUID: 381b4222-f694-41f0-9685-ff5bb260df2e (Balanced),14:15:10,ok,111.9136,112.3835,40.3143,55.7139,48.7026,72.1882,0.9741,1.4438,0.0011,0.0021,0.0025,0.0069,8888.1667,8916.0,171685.1776,267984.133,0.0,0.0
p3,base,1,1,M13,65145,15.350,SLOW,NA,NA,NA,NA,NA,NA,NA,82.8,21.1,89,1005,1065,BelowNormal,255,0,113.7,Power Scheme GUID: 381b4222-f694-41f0-9685-ff5bb260df2e (Balanced),14:15:44,FAILED,,,,,,,,,,,,,,,,,,
p3,base,1,2,M12,12101,8.264,SLOW,NA,NA,NA,NA,NA,NA,NA,7.3,9.2,9,105,160,BelowNormal,255,0,113,Power Scheme GUID: 381b4222-f694-41f0-9685-ff5bb260df2e (Balanced),14:16:16,FAILED,,,,,,,,,,,,,,,,,,
p3,base,2,1,M13,65925,15.169,SLOW,NA,NA,NA,NA,NA,NA,NA,78.5,20.5,88,1005,1061,BelowNormal,255,0,115.7,Power Scheme GUID: 381b4222-f694-41f0-9685-ff5bb260df2e (Balanced),14:16:36,FAILED,,,,,,,,,,,,,,,,,,
p3,base,2,2,M12,12009,8.327,SLOW,NA,NA,NA,NA,NA,NA,NA,8,9.2,8,105,160,BelowNormal,255,0,115.7,Power Scheme GUID: 381b4222-f694-41f0-9685-ff5bb260df2e (Balanced),14:17:08,FAILED,,,,,,,,,,,,,,,,,,
p3,base,3,1,M13,64333,15.544,SLOW,NA,NA,NA,NA,NA,NA,NA,81.3,21,81,1005,1061,BelowNormal,255,0,115.4,Power Scheme GUID: 381b4222-f694-41f0-9685-ff5bb260df2e (Balanced),14:17:28,FAILED,,,,,,,,,,,,,,,,,,
p3,base,3,2,M12,12015,8.323,SLOW,NA,NA,NA,NA,NA,NA,NA,7.8,9.2,8,105,160,BelowNormal,255,0,97.2,Power Scheme GUID: 381b4222-f694-41f0-9685-ff5bb260df2e (Balanced),14:18:00,FAILED,,,,,,,,,,,,,,,,,,
p3,base,4,1,M13,65524,15.261,SLOW,NA,NA,NA,NA,NA,NA,NA,76.6,20.5,84,1005,1061,BelowNormal,255,0,111.8,Power Scheme GUID: 381b4222-f694-41f0-9685-ff5bb260df2e (Balanced),14:18:20,FAILED,,,,,,,,,,,,,,,,,,
p3,base,4,2,M12,12093,8.269,SLOW,NA,NA,NA,NA,NA,NA,NA,8.4,9.2,9,105,160,BelowNormal,255,0,112.6,Power Scheme GUID: 381b4222-f694-41f0-9685-ff5bb260df2e (Balanced),14:18:52,FAILED,,,,,,,,,,,,,,,,,,
p3,base,5,1,M13,63384,15.777,SLOW,NA,NA,NA,NA,NA,NA,NA,70.6,21.5,87,1005,1061,BelowNormal,255,0,111.2,Power Scheme GUID: 381b4222-f694-41f0-9685-ff5bb260df2e (Balanced),14:19:12,FAILED,,,,,,,,,,,,,,,,,,
p3,base,5,2,M12,9717,10.291,SLOW,NA,NA,NA,NA,NA,NA,NA,15.5,11.2,8,105,160,BelowNormal,255,0,23.1,Power Scheme GUID: 381b4222-f694-41f0-9685-ff5bb260df2e (Balanced),14:19:44,FAILED,,,,,,,,,,,,,,,,,,
p3,base,6,1,M13,66500,15.038,SLOW,NA,NA,NA,NA,NA,NA,NA,79.7,19.9,83,1005,1060,BelowNormal,255,0,22.1,Power Scheme GUID: 381b4222-f694-41f0-9685-ff5bb260df2e (Balanced),14:20:07,FAILED,,,,,,,,,,,,,,,,,,
p3,base,6,2,M12,10294,9.715,SLOW,NA,NA,NA,NA,NA,NA,NA,14,10.7,9,105,160,BelowNormal,255,0,67.6,Power Scheme GUID: 381b4222-f694-41f0-9685-ff5bb260df2e (Balanced),14:20:38,FAILED,,,,,,,,,,,,,,,,,,
p3,base,7,1,M13,67266,14.866,SLOW,NA,NA,NA,NA,NA,NA,NA,79.4,20.1,113,1005,1061,BelowNormal,255,0,23.1,Power Scheme GUID: 381b4222-f694-41f0-9685-ff5bb260df2e (Balanced),14:20:59,FAILED,,,,,,,,,,,,,,,,,,
p3,base,7,2,M12,10047,9.953,SLOW,NA,NA,NA,NA,NA,NA,NA,15.5,10.8,6,105,160,BelowNormal,255,0,21.8,Power Scheme GUID: 381b4222-f694-41f0-9685-ff5bb260df2e (Balanced),14:21:31,FAILED,,,,,,,,,,,,,,,,,,
p3,base,8,1,M13,67054,14.913,SLOW,NA,NA,NA,NA,NA,NA,NA,81.2,20,87,1005,1061,BelowNormal,255,0,25.4,Power Scheme GUID: 381b4222-f694-41f0-9685-ff5bb260df2e (Balanced),14:21:52,FAILED,,,,,,,,,,,,,,,,,,
p3,base,8,2,M12,9443,10.590,SLOW,NA,NA,NA,NA,NA,NA,NA,15.7,11.7,12,105,160,BelowNormal,255,0,26.8,Power Scheme GUID: 381b4222-f694-41f0-9685-ff5bb260df2e (Balanced),14:22:23,FAILED,,,,,,,,,,,,,,,,,,
p3,base,9,1,M13,66623,15.010,SLOW,NA,NA,NA,NA,NA,NA,NA,83.6,20.1,86,1005,1061,BelowNormal,255,0,24.5,Power Scheme GUID: 381b4222-f694-41f0-9685-ff5bb260df2e (Balanced),14:22:46,FAILED,,,,,,,,,,,,,,,,,,
p3,base,9,2,M12,9650,10.362,SLOW,NA,NA,NA,NA,NA,NA,NA,16.3,11.3,8,105,160,BelowNormal,255,0,24,Power Scheme GUID: 381b4222-f694-41f0-9685-ff5bb260df2e (Balanced),14:23:17,FAILED,,,,,,,,,,,,,,,,,,
p3,base,10,1,M13,66706,14.991,SLOW,NA,NA,NA,NA,NA,NA,NA,81.1,20,86,1005,1061,BelowNormal,255,0,21.9,Power Scheme GUID: 381b4222-f694-41f0-9685-ff5bb260df2e (Balanced),14:23:40,FAILED,,,,,,,,,,,,,,,,,,
p3,base,10,2,M12,9489,10.538,SLOW,NA,NA,NA,NA,NA,NA,NA,15.4,11.7,6,105,160,BelowNormal,255,0,29.8,Power Scheme GUID: 381b4222-f694-41f0-9685-ff5bb260df2e (Balanced),14:24:11,FAILED,,,,,,,,,,,,,,,,,,
p3,base,11,1,M13,66894,14.949,SLOW,NA,NA,NA,NA,NA,NA,NA,78.3,20.6,86,1005,1061,BelowNormal,255,0,23,Power Scheme GUID: 381b4222-f694-41f0-9685-ff5bb260df2e (Balanced),14:24:34,FAILED,109.0947,115.0438,51.0078,73.9979,3.7088,10.7866,0.0742,0.2157,0.0009,0.0106,0.0,0.0,9319.9,9368.0,421898.0245,618004.3907,0.5,5.0
p3,base,11,2,M12,10576,9.455,SLOW,NA,NA,NA,NA,NA,NA,NA,12.3,10.3,5,105,160,BelowNormal,255,0,22.7,Power Scheme GUID: 381b4222-f694-41f0-9685-ff5bb260df2e (Balanced),14:25:05,FAILED,65.6663,87.3066,18.4798,23.0439,4.7261,15.7336,0.0945,0.3147,0.0004,0.0013,0.0,0.0,9364.4,9369.0,49091.3177,56525.3513,0.0,0.0
p3,base,12,1,M13,64415,15.524,SLOW,NA,NA,NA,NA,NA,NA,NA,78.1,20.6,73,1005,1060,BelowNormal,255,0,22.7,Power Scheme GUID: 381b4222-f694-41f0-9685-ff5bb260df2e (Balanced),14:25:27,FAILED,109.5876,114.4444,58.0835,83.8395,4.1983,12.1068,0.084,0.2423,0.0004,0.0014,0.0001,0.0007,9227.25,9332.0,412683.7531,611093.6155,11.2,72.0
p3,base,12,2,M12,10758,9.295,SLOW,NA,NA,NA,NA,NA,NA,NA,10.8,10.2,5,105,160,BelowNormal,255,0,23.2,Power Scheme GUID: 381b4222-f694-41f0-9685-ff5bb260df2e (Balanced),14:25:58,FAILED,71.858,102.1968,19.7417,24.5261,3.4814,7.4868,0.0696,0.1497,0.0003,0.0006,0.0,0.0,9222.2,9231.0,52595.5981,65279.8523,0.0,0.0
p3,base,13,1,M13,63873,15.656,SLOW,NA,NA,NA,NA,NA,NA,NA,86,20.6,73,1005,1061,BelowNormal,255,0,22.8,Power Scheme GUID: 381b4222-f694-41f0-9685-ff5bb260df2e (Balanced),14:26:20,FAILED,110.4889,115.1043,56.0786,77.6701,3.5068,17.3523,0.0702,0.3471,0.0005,0.0021,0.0,0.0004,9196.2,9244.0,439570.4241,652711.9085,0.6,12.0
p3,base,13,2,M12,10186,9.818,SLOW,NA,NA,NA,NA,NA,NA,NA,13.7,11.2,8,105,160,BelowNormal,255,0,32.8,Power Scheme GUID: 381b4222-f694-41f0-9685-ff5bb260df2e (Balanced),14:26:51,FAILED,61.1373,87.7423,19.2129,28.3681,3.4929,8.4477,0.0699,0.1689,0.0003,0.0007,0.0,0.0,9247.6364,9258.0,44798.3567,54673.8578,0.0,0.0
p3,base,14,1,M13,67178,14.886,SLOW,NA,NA,NA,NA,NA,NA,NA,79.4,20.4,85,1005,1061,BelowNormal,255,0,30.4,Power Scheme GUID: 381b4222-f694-41f0-9685-ff5bb260df2e (Balanced),14:27:14,FAILED,108.8907,114.8886,52.68,76.3729,3.2205,14.2057,0.0644,0.2841,0.0003,0.0013,0.0,0.0004,9217.3,9263.0,418061.3438,636821.0387,3.0,59.0
p3,base,14,2,M12,10373,9.640,SLOW,NA,NA,NA,NA,NA,NA,NA,13.7,11.3,12,105,160,BelowNormal,255,0,24.4,Power Scheme GUID: 381b4222-f694-41f0-9685-ff5bb260df2e (Balanced),14:27:45,FAILED,61.5557,110.3793,19.8533,33.2299,3.3982,7.7838,0.068,0.1557,0.0003,0.0007,0.0,0.0004,9247.7273,9257.0,44928.9427,63786.8586,0.0,0.0
p3,base,15,1,M13,65763,15.206,SLOW,NA,NA,NA,NA,NA,NA,NA,78.7,20.5,80,1005,1061,BelowNormal,255,0,23.3,Power Scheme GUID: 381b4222-f694-41f0-9685-ff5bb260df2e (Balanced),14:28:08,FAILED,110.0847,115.0009,51.8437,72.2216,2.5974,5.6767,0.052,0.1135,0.0003,0.0005,0.0,0.0,9208.1,9251.0,421422.2476,613749.4018,30.15,423.0
p3,base,15,2,M12,10564,9.466,SLOW,NA,NA,NA,NA,NA,NA,NA,12.6,10.3,5,105,160,BelowNormal,255,0,27.7,Power Scheme GUID: 381b4222-f694-41f0-9685-ff5bb260df2e (Balanced),14:28:39,FAILED,66.2671,95.9223,19.6465,25.3149,3.0958,7.7973,0.0619,0.1559,0.0003,0.0006,0.0,0.0,9246.3,9252.0,49091.5376,62962.1073,2.3,23.0
p3,base,16,1,M13,65831,15.190,SLOW,NA,NA,NA,NA,NA,NA,NA,81.1,20.4,78,1005,1060,BelowNormal,255,0,33.3,Power Scheme GUID: 381b4222-f694-41f0-9685-ff5bb260df2e (Balanced),14:29:01,FAILED,109.8674,114.8757,53.5008,76.9632,3.1512,12.0923,0.063,0.2419,0.0004,0.001,0.0,0.0,9214.55,9260.0,423068.9539,604754.6217,17.2,281.0
p3,base,16,2,M12,10447,9.572,SLOW,NA,NA,NA,NA,NA,NA,NA,12.8,11.2,11,105,160,BelowNormal,255,0,29.2,Power Scheme GUID: 381b4222-f694-41f0-9685-ff5bb260df2e (Balanced),14:29:32,FAILED,61.0567,110.4905,17.9194,26.4452,2.6175,3.9313,0.0523,0.0786,0.0003,0.0003,0.0,0.0,9266.7273,9274.0,46166.9677,59918.5197,0.0,0.0
p3,base,17,1,M13,66268,15.090,SLOW,NA,NA,NA,NA,NA,NA,NA,80.9,20.4,79,1005,1061,BelowNormal,255,0,88,Power Scheme GUID: 381b4222-f694-41f0-9685-ff5bb260df2e (Balanced),14:29:54,FAILED,110.1692,115.2985,53.6543,76.6784,2.8377,5.5381,0.0568,0.1108,0.0003,0.0005,0.0,0.0004,9296.8,9341.0,436199.3421,654726.4159,6.0,120.0
p3,base,17,2,M12,10735,9.315,SLOW,NA,NA,NA,NA,NA,NA,NA,13,10.2,5,105,160,BelowNormal,255,0,23,Power Scheme GUID: 381b4222-f694-41f0-9685-ff5bb260df2e (Balanced),14:30:26,FAILED,65.6342,95.6032,19.3662,24.2487,2.8361,4.7055,0.0567,0.0941,0.0002,0.0004,0.0,0.0,9334.5,9339.0,49137.4899,55230.7965,0.0,0.0
p3,base,18,1,M13,66201,15.106,SLOW,NA,NA,NA,NA,NA,NA,NA,77.4,20.4,79,1005,1060,BelowNormal,255,0,29.3,Power Scheme GUID: 381b4222-f694-41f0-9685-ff5bb260df2e (Balanced),14:30:47,FAILED,108.7339,115.0711,52.6185,74.1731,3.0702,7.9741,0.0614,0.1595,0.0004,0.0007,0.0,0.0,9275.1,9363.0,424800.0473,632011.8558,3.15,62.0
p3,base,18,2,M12,10488,9.535,SLOW,NA,NA,NA,NA,NA,NA,NA,13.8,11.2,12,105,160,BelowNormal,255,0,27.6,Power Scheme GUID: 381b4222-f694-41f0-9685-ff5bb260df2e (Balanced),14:31:19,FAILED,59.9057,88.9119,19.5657,31.4396,3.2291,7.4246,0.0646,0.1485,0.0003,0.0006,0.0001,0.0014,9353.5455,9361.0,46925.2345,58675.3161,5.7273,63.0
p3,base,19,1,M13,66018,15.147,SLOW,NA,NA,NA,NA,NA,NA,NA,78.4,20.5,81,1005,1061,BelowNormal,255,0,30.1,Power Scheme GUID: 381b4222-f694-41f0-9685-ff5bb260df2e (Balanced),14:31:41,FAILED,109.3711,114.9504,51.5737,72.5371,4.0881,21.5902,0.0818,0.4318,0.0004,0.0011,0.0,0.0,9343.6,9389.0,425528.8975,625003.3135,7.0,104.0
p3,base,19,2,M12,10520,9.506,SLOW,NA,NA,NA,NA,NA,NA,NA,12.5,11.2,15,105,160,BelowNormal,255,0,22.9,Power Scheme GUID: 381b4222-f694-41f0-9685-ff5bb260df2e (Balanced),14:32:13,FAILED,63.5517,101.6096,17.8385,23.612,2.7027,4.4819,0.0541,0.0896,0.0003,0.0005,0.0,0.0,9392.1818,9397.0,46598.8649,59273.7306,0.0,0.0
p3,base,20,1,M13,65940,15.165,SLOW,NA,NA,NA,NA,NA,NA,NA,78.5,20.5,81,1005,1061,BelowNormal,255,0,22.1,Power Scheme GUID: 381b4222-f694-41f0-9685-ff5bb260df2e (Balanced),14:32:35,FAILED,109.2334,114.9754,51.7543,80.9774,2.977,7.5662,0.0595,0.1513,0.0004,0.0008,0.0,0.0,9365.0,9417.0,432390.9204,624774.1099,3.6,48.0
p3,base,20,2,M12,10449,9.571,SLOW,NA,NA,NA,NA,NA,NA,NA,13.2,11.4,6,105,160,,,0,22.1,Power Scheme GUID: 381b4222-f694-41f0-9685-ff5bb260df2e (Balanced),14:33:06,FAILED,59.8146,93.7753,18.6499,24.3667,3.1233,8.1447,0.0625,0.1629,0.0003,0.0007,0.0,0.0,9415.0,9422.0,45931.3593,62465.7956,0.0,0.0
h5,cur,1,1,M13,102865,9.721,FAST,1362,734.2,2100.7,186.8,4704.6,143.2,"0,0,115,0,1247",64.3,15.4,89,1005,1060,BelowNormal,255,0,94.3,Power Scheme GUID: 381b4222-f694-41f0-9685-ff5bb260df2e (Balanced),14:33:43,ok,108.8773,115.1652,58.4475,90.0641,3.0788,7.5157,0.0616,0.1503,0.0003,0.0007,0.0,0.0004,9317.1333,9373.0,1072199.0478,1911026.3199,169.9333,718.0
h5,cur,2,1,M13,99764,10.024,FAST,1294,772.8,2413.3,211.1,4942.8,172.2,"0,0,117,0,1177",66.4,15.3,80,1005,1061,BelowNormal,255,0,23,Power Scheme GUID: 381b4222-f694-41f0-9685-ff5bb260df2e (Balanced),14:34:10,ok,109.9928,114.9434,59.3721,91.8059,3.4044,9.8821,0.0681,0.1976,0.0003,0.0007,0.0,0.0005,9326.8667,9362.0,993488.9975,1869460.1435,170.0667,515.0
h5,cur,3,1,M13,107366,9.314,FAST,1278,782.5,2220.4,234.0,4706.0,125.2,"0,0,90,0,1188",57.8,14.3,76,1005,1060,BelowNormal,255,0,22.5,Power Scheme GUID: 381b4222-f694-41f0-9685-ff5bb260df2e (Balanced),14:34:36,ok,111.631,114.985,55.0687,88.7591,3.361,7.7831,0.0672,0.1557,0.0003,0.001,0.0,0.0,9332.6429,9369.0,1018916.1857,1942537.3777,138.3571,549.0
h5,cur,4,1,M13,103152,9.694,FAST,1326,754.1,2281.3,228.4,4670.3,127.6,"0,0,105,0,1221",63.2,15.3,87,1005,1060,BelowNormal,255,0,34.7,Power Scheme GUID: 381b4222-f694-41f0-9685-ff5bb260df2e (Balanced),14:35:02,ok,109.5478,115.0457,56.9813,90.6866,3.5262,11.4501,0.0705,0.229,0.0003,0.0008,0.0,0.0,9335.4,9378.0,1038004.5168,1863716.4099,149.7333,673.0
h5,cur,5,1,M13,102700,9.737,FAST,1279,781.9,2298.8,235.0,4917.6,160.0,"0,0,103,1,1175",64.5,15.3,86,1005,1060,BelowNormal,255,0,23.1,Power Scheme GUID: 381b4222-f694-41f0-9685-ff5bb260df2e (Balanced),14:35:28,ok,109.4738,115.1045,57.7134,89.1464,3.0478,6.6194,0.0608,0.1324,0.0003,0.0009,0.0,0.0,9334.6667,9384.0,954756.5064,1679343.6922,289.8,969.0
h5,cur,6,1,M13,100966,9.904,FAST,1291,774.6,2438.8,229.7,4840.3,159.8,"0,0,121,1,1169",65.1,15.3,84,1005,1060,BelowNormal,255,0,22.7,Power Scheme GUID: 381b4222-f694-41f0-9685-ff5bb260df2e (Balanced),14:35:55,ok,109.8937,115.3549,58.4767,95.5646,2.9936,10.0038,0.0599,0.2001,0.0003,0.0006,0.0,0.0005,9342.4,9389.0,964791.9097,1803387.1176,108.7333,481.0
h5,cur,7,1,M13,100273,9.973,FAST,1307,765.1,2227.3,240.3,5005.2,156.1,"0,0,115,0,1192",63.1,15.3,83,1005,1061,BelowNormal,255,0,22.7,Power Scheme GUID: 381b4222-f694-41f0-9685-ff5bb260df2e (Balanced),14:36:21,ok,109.631,115.1077,56.6151,90.126,4.5784,19.3659,0.0915,0.3873,0.0008,0.0039,0.0,0.0,9346.9333,9391.0,1020105.6035,1719913.3509,134.0667,604.0
h5,cur,8,1,M13,103289,9.682,FAST,1289,775.8,2397.6,267.6,4710.4,133.5,"0,0,132,3,1154",61.6,15.3,87,1005,1060,BelowNormal,255,0,22.3,Power Scheme GUID: 381b4222-f694-41f0-9685-ff5bb260df2e (Balanced),14:36:47,ok,109.3953,115.0507,55.6944,87.6231,3.0718,7.3416,0.0614,0.1468,0.0003,0.0006,0.0,0.0004,9341.1333,9382.0,999763.916,1838091.7121,288.0,845.0
h5,cur,9,1,M13,103332,9.677,FAST,1297,771,2294.4,222.1,4802.4,140.3,"0,0,123,0,1174",64.1,15.3,87,1005,1061,BelowNormal,255,0,70.1,Power Scheme GUID: 381b4222-f694-41f0-9685-ff5bb260df2e (Balanced),14:37:14,ok,109.1807,115.122,57.3876,87.9988,4.116,13.58,0.0823,0.2716,0.0003,0.0009,0.0,0.0,9345.4667,9389.0,993790.005,1728730.3815,140.8,923.0
h5,cur,10,1,M13,104342,9.584,FAST,1265,790.5,2361.4,246.4,4837.1,128.1,"0,0,94,0,1171",61.6,15.4,89,1005,1060,BelowNormal,255,0,22.8,Power Scheme GUID: 381b4222-f694-41f0-9685-ff5bb260df2e (Balanced),14:37:40,ok,108.378,115.0773,55.8429,86.3403,3.6038,12.7838,0.0721,0.2557,0.0003,0.0008,0.0,0.0,9345.0667,9380.0,946797.2278,1903284.2733,242.2,979.0
h5,cur,11,1,M13,105472,9.481,FAST,1282,780,2294.2,265.7,4698.5,135.6,"0,0,102,1,1179",62.2,15.3,72,1005,1061,BelowNormal,255,0,22.4,Power Scheme GUID: 381b4222-f694-41f0-9685-ff5bb260df2e (Balanced),14:38:07,ok,108.8614,115.1774,55.9252,91.1219,2.8482,7.4386,0.057,0.1488,0.0003,0.0005,0.0,0.0,9343.9333,9387.0,976427.379,2040258.2688,239.4667,990.0
h5,cur,12,1,M13,104742,9.547,FAST,1239,807.1,2540.3,239.1,4798.9,125.5,"0,0,125,0,1114",62.1,15.3,90,1005,1060,BelowNormal,255,0,22.5,Power Scheme GUID: 381b4222-f694-41f0-9685-ff5bb260df2e (Balanced),14:38:33,ok,108.4589,115.0954,55.683,90.5072,2.7642,6.0721,0.0553,0.1214,0.0003,0.0004,0.0,0.0,9335.5333,9383.0,916651.314,1752245.0771,193.0,960.0
h5,cur,13,1,M13,105433,9.485,FAST,1308,764.5,2167.2,202.3,4736.0,144.0,"0,0,99,0,1209",61.3,15.3,72,1005,1061,BelowNormal,255,0,28.2,Power Scheme GUID: 381b4222-f694-41f0-9685-ff5bb260df2e (Balanced),14:38:59,ok,108.3255,115.4139,55.4031,88.8856,3.0782,7.5183,0.0616,0.1504,0.0003,0.0005,0.0,0.0,9343.8,9386.0,999111.3016,1981816.806,211.0,953.0
h5,cur,14,1,M13,105608,9.469,FAST,1242,805.2,2515.9,230.6,4740.6,134.8,"0,0,120,1,1121",59.6,15.3,73,1005,1061,BelowNormal,255,0,22.5,Power Scheme GUID: 381b4222-f694-41f0-9685-ff5bb260df2e (Balanced),14:39:26,ok,108.1322,115.0318,53.7098,91.6619,3.7221,12.3346,0.0744,0.2467,0.0008,0.0074,0.0,0.0,9350.8667,9396.0,923746.4764,1610520.2888,242.4667,750.0
h5,cur,15,1,M13,103142,9.695,FAST,1242,805.2,2581.6,230.8,4856.5,135.8,"0,0,121,2,1119",64,15.3,86,1005,1061,BelowNormal,255,0,22.3,Power Scheme GUID: 381b4222-f694-41f0-9685-ff5bb260df2e (Balanced),14:39:52,ok,110.0098,115.0066,57.145,89.9075,3.0286,9.2374,0.0606,0.1847,0.0003,0.0006,0.0,0.0004,9350.9333,9396.0,919967.6214,1749265.3133,213.4667,729.0
h5,cur,16,1,M13,99499,10.050,FAST,1337,747.9,2193.7,238.3,4892.5,184.3,"0,0,116,0,1221",69.7,15.4,82,1005,1061,BelowNormal,255,0,23.3,Power Scheme GUID: 381b4222-f694-41f0-9685-ff5bb260df2e (Balanced),14:40:19,ok,110.5615,115.1132,61.8917,94.0391,3.1673,7.6982,0.0633,0.154,0.0003,0.0011,0.0,0.0,9350.8667,9386.0,1040377.5955,1796400.0071,101.5333,507.0
h5,cur,17,1,M13,106619,9.379,FAST,1284,778.8,2350.1,217.2,4628.2,107.0,"0,0,105,1,1178",60.7,14.3,74,1005,1060,BelowNormal,255,0,83.3,Power Scheme GUID: 381b4222-f694-41f0-9685-ff5bb260df2e (Balanced),14:40:45,ok,110.9908,115.4146,58.7761,87.2744,3.0573,5.679,0.0611,0.1136,0.0003,0.0008,0.0,0.0,9349.0714,9385.0,1048835.9829,1833480.2094,203.1429,853.0
h5,cur,18,1,M13,102373,9.768,FAST,1272,786.2,2436.2,211.4,4860.8,167.3,"0,0,110,0,1162",65.8,15.3,86,1005,1060,BelowNormal,255,0,22.8,Power Scheme GUID: 381b4222-f694-41f0-9685-ff5bb260df2e (Balanced),14:41:10,ok,109.4009,115.1338,58.821,96.4964,3.4697,12.3542,0.0694,0.2471,0.0005,0.0042,0.0,0.0,9348.8,9388.0,949312.9363,1737570.5233,139.1333,700.0
h5,cur,19,1,M13,105378,9.490,FAST,1300,769.2,2178.2,210.1,4769.9,140.3,"0,0,101,0,1199",61.7,15.3,72,1005,1061,BelowNormal,255,0,23.1,Power Scheme GUID: 381b4222-f694-41f0-9685-ff5bb260df2e (Balanced),14:41:37,ok,107.9412,115.045,55.6639,91.6179,3.3435,9.8421,0.0669,0.1968,0.0011,0.0115,0.0,0.0005,9350.1333,9400.0,1004117.4533,1807582.7703,299.4667,892.0
h5,cur,20,1,M13,104013,9.614,FAST,1256,796.2,2408.8,237.9,4862.8,143.7,"0,0,104,1,1151",64.8,15.3,88,1005,1061,BelowNormal,255,0,22.3,Power Scheme GUID: 381b4222-f694-41f0-9685-ff5bb260df2e (Balanced),14:42:03,ok,110.2086,115.0553,57.9207,90.0864,3.2795,11.1953,0.0656,0.2239,0.0003,0.0008,0.0,0.0004,9352.1333,9396.0,922070.5874,1915709.5844,83.1333,547.0
h7,cur,1,1,M12,17306,5.778,FAST,1145,87.3,473.5,50.2,4399.1,121.8,"0,0,2,6,1137",11.8,7.1,6,105,160,BelowNormal,255,0,60.5,Power Scheme GUID: 381b4222-f694-41f0-9685-ff5bb260df2e (Balanced),14:42:30,ok,59.7507,80.1637,26.3467,34.5091,8.4772,25.344,0.1695,0.5069,0.0005,0.0012,0.0,0.0,9393.8571,9402.0,223985.49,340346.8005,12.7143,89.0
h7,cur,1,2,M13,105308,9.496,FAST,1271,786.8,2340.8,241.1,4759.5,128.5,"0,0,110,2,1159",60.8,15.3,85,1005,1061,BelowNormal,255,0,23.1,Power Scheme GUID: 381b4222-f694-41f0-9685-ff5bb260df2e (Balanced),14:42:48,ok,107.846,115.1167,54.434,85.4263,3.6024,12.5535,0.072,0.2511,0.0003,0.0007,0.0,0.0,9350.4,9396.0,951328.7328,1731877.8889,258.6667,938.0
h7,cur,2,1,M12,16991,5.886,FAST,1165,85.8,485.2,78.8,4354.9,130.0,"0,0,1,1,1163",12.1,7.1,6,105,160,BelowNormal,255,0,22.5,Power Scheme GUID: 381b4222-f694-41f0-9685-ff5bb260df2e (Balanced),14:43:14,ok,59.6248,105.2164,26.1759,32.2521,6.4855,16.552,0.1297,0.331,0.0004,0.0008,0.0,0.0,9392.7143,9397.0,235159.8389,321111.2888,17.5714,93.0
h7,cur,2,2,M13,108235,9.239,FAST,1275,784.3,2205.0,238.1,4683.5,118.2,"0,0,91,0,1184",59.1,14.3,77,1005,1060,BelowNormal,255,0,24.1,Power Scheme GUID: 381b4222-f694-41f0-9685-ff5bb260df2e (Balanced),14:43:32,ok,111.0463,115.0691,56.781,88.8035,3.3925,7.8522,0.0678,0.157,0.0004,0.002,0.0,0.0,9361.2857,9395.0,1015032.6904,1855664.7175,273.7143,971.0
h7,cur,3,1,M12,17956,5.569,FAST,1109,90.2,473.2,58.4,4369.0,119.1,"0,0,1,1,1107",9.2,7.1,10,105,160,BelowNormal,255,0,23.3,Power Scheme GUID: 381b4222-f694-41f0-9685-ff5bb260df2e (Balanced),14:43:58,ok,63.8284,79.8705,20.4811,30.2933,6.4779,16.0506,0.1296,0.321,0.0004,0.0008,0.0,0.0,9403.4286,9410.0,188274.6213,271421.2373,0.0,0.0
h7,cur,3,2,M13,107007,9.345,FAST,1261,793,2307.8,229.8,4734.9,135.5,"0,0,98,0,1163",61.5,14.3,74,1005,1060,BelowNormal,255,0,22,Power Scheme GUID: 381b4222-f694-41f0-9685-ff5bb260df2e (Balanced),14:44:16,ok,111.4364,115.1346,58.8105,89.0355,3.4294,8.6333,0.0686,0.1727,0.0003,0.0008,0.0,0.0,9358.2143,9391.0,1010334.7871,1760877.4053,99.4286,626.0
h7,cur,4,1,M12,17267,5.791,FAST,1147,87.2,473.7,68.2,4380.1,125.1,"0,0,1,3,1143",9.7,7.1,6,105,160,BelowNormal,255,0,28.9,Power Scheme GUID: 381b4222-f694-41f0-9685-ff5bb260df2e (Balanced),14:44:42,ok,61.5501,103.539,22.1651,29.8448,6.22,13.1526,0.1244,0.2631,0.0003,0.0006,0.0,0.0,9393.0,9400.0,234137.5461,313883.0955,0.0,0.0
h7,cur,4,2,M13,100914,9.909,FAST,1261,793,2463.7,222.9,4999.7,170.4,"0,0,121,0,1140",65.2,15.3,84,1005,1060,BelowNormal,255,0,31.9,Power Scheme GUID: 381b4222-f694-41f0-9685-ff5bb260df2e (Balanced),14:45:00,ok,110.1845,115.3544,58.6462,89.1843,3.2605,10.2423,0.0652,0.2049,0.0003,0.0008,0.0,0.0,9342.1333,9387.0,941467.5134,1671303.9884,111.2,832.0
h7,cur,5,1,M12,17067,5.859,FAST,1154,86.7,488.7,73.3,4388.1,124.9,"0,0,1,2,1151",12.5,7.2,7,105,160,BelowNormal,255,0,22,Power Scheme GUID: 381b4222-f694-41f0-9685-ff5bb260df2e (Balanced),14:45:26,ok,57.7355,103.3849,27.4152,38.8308,5.2292,14.3769,0.1046,0.2875,0.0003,0.0007,0.0,0.0,9378.8571,9388.0,223287.0887,301638.2201,5.2857,37.0
h7,cur,5,2,M13,102118,9.793,FAST,1344,744,2237.8,198.9,4713.5,134.5,"0,0,109,1,1234",64.7,15.3,83,1005,1060,BelowNormal,255,0,22.7,Power Scheme GUID: 381b4222-f694-41f0-9685-ff5bb260df2e (Balanced),14:45:44,ok,110.2777,115.0069,59.5328,91.3108,2.9917,6.5404,0.0598,0.1308,0.0003,0.0007,0.0,0.0,9173.9333,9212.0,1030915.284,1942056.8684,59.3333,305.0
h7,cur,6,1,M12,17520,5.708,FAST,1142,87.6,495.5,57.5,4323.8,119.3,"0,0,1,6,1135",7.9,7.2,9,105,160,BelowNormal,255,0,69.7,Power Scheme GUID: 381b4222-f694-41f0-9685-ff5bb260df2e (Balanced),14:46:11,ok,60.1064,77.9107,29.8963,39.8605,4.3082,7.9708,0.0862,0.1594,0.0002,0.0004,0.0,0.0,9184.1429,9188.0,215206.7236,315139.9914,26.8571,98.0
h7,cur,6,2,M13,101269,9.875,FAST,1380,724.6,2112.3,183.4,4714.4,143.3,"0,0,115,0,1265",59.1,15.3,84,1005,1060,BelowNormal,255,0,42,Power Scheme GUID: 381b4222-f694-41f0-9685-ff5bb260df2e (Balanced),14:46:29,ok,110.1906,115.7926,59.0904,92.1912,3.5414,9.6544,0.0708,0.1931,0.0003,0.0006,0.0,0.0003,9132.2667,9194.0,1082359.4027,1861391.1294,152.3333,773.0
h7,cur,7,1,M12,16667,6.000,FAST,1200,83.3,495.1,69.7,4298.1,134.6,"0,0,1,4,1195",9.9,7.2,6,105,160,BelowNormal,255,0,26.7,Power Scheme GUID: 381b4222-f694-41f0-9685-ff5bb260df2e (Balanced),14:46:55,ok,51.1891,84.0777,26.3034,34.5963,5.5147,13.6146,0.1103,0.2723,0.0003,0.0007,0.0,0.0,9201.1429,9223.0,244783.4251,323495.8069,23.2857,87.0
h7,cur,7,2,M13,103805,9.633,FAST,1293,773.4,2337.6,221.9,4750.4,138.2,"0,0,128,0,1165",62,15.3,88,1005,1061,BelowNormal,255,0,27.9,Power Scheme GUID: 381b4222-f694-41f0-9685-ff5bb260df2e (Balanced),14:47:14,ok,109.162,115.8152,58.0959,92.4721,4.3157,14.019,0.0864,0.2804,0.0004,0.001,0.0,0.0005,9201.6667,9245.0,981415.1761,1769368.5164,186.0667,660.0
h7,cur,8,1,M12,17604,5.681,FAST,1131,88.4,477.6,72.7,4345.2,124.3,"0,0,1,4,1126",9,7.1,8,105,160,BelowNormal,255,0,28.8,Power Scheme GUID: 381b4222-f694-41f0-9685-ff5bb260df2e (Balanced),14:47:40,ok,61.0764,84.1954,21.1103,33.9068,5.0619,12.2655,0.1012,0.2453,0.0003,0.0006,0.0,0.0,9246.1429,9252.0,212050.9012,359204.4334,3.4286,19.0
h7,cur,8,2,M13,98373,10.165,FAST,1330,751.9,2329.8,222.9,4922.0,165.1,"0,0,107,0,1223",70.8,15.3,79,1005,1061,BelowNormal,255,0,22.7,Power Scheme GUID: 381b4222-f694-41f0-9685-ff5bb260df2e (Balanced),14:47:58,ok,111.0576,115.0366,63.5448,97.0985,3.5408,10.817,0.0708,0.2163,0.0003,0.0008,0.0,0.0,9208.4,9251.0,1005421.7764,1663496.804,270.1333,996.0
h7,cur,9,1,M12,17796,5.619,FAST,1107,90.3,494.4,68.5,4389.3,122.4,"0,0,1,4,1102",8.8,7.2,11,105,160,BelowNormal,255,0,23.1,Power Scheme GUID: 381b4222-f694-41f0-9685-ff5bb260df2e (Balanced),14:48:25,ok,64.8779,92.2396,19.8249,33.7943,5.0016,11.876,0.1,0.2375,0.0003,0.0006,0.0001,0.0006,9243.7143,9248.0,186484.1743,312000.3749,0.0,0.0
h7,cur,9,2,M13,101119,9.889,FAST,1284,778.8,2427.3,235.5,4880.5,157.0,"0,0,133,0,1151",67.2,15.2,83,1005,1060,BelowNormal,255,0,31.5,Power Scheme GUID: 381b4222-f694-41f0-9685-ff5bb260df2e (Balanced),14:48:43,ok,110.396,115.3615,59.5474,90.8493,3.4117,11.1235,0.0682,0.2225,0.0003,0.0007,0.0,0.0004,9201.0667,9252.0,967530.2003,1680258.6509,184.6,718.0
h7,cur,10,1,M12,17548,5.698,FAST,1136,88,480.0,56.6,4354.4,122.8,"0,0,2,5,1129",11,7.2,9,105,160,BelowNormal,255,0,23.1,Power Scheme GUID: 381b4222-f694-41f0-9685-ff5bb260df2e (Balanced),14:49:09,ok,61.7628,84.1194,23.9628,44.367,5.5005,15.4202,0.11,0.3084,0.0003,0.0007,0.0,0.0,9254.8571,9261.0,206904.1615,353364.4288,0.0,0.0
h7,cur,10,2,M13,107288,9.321,FAST,1262,792.4,2328.7,232.1,4685.0,136.7,"0,0,123,0,1139",61.8,15.3,75,1005,1061,BelowNormal,255,0,23.6,Power Scheme GUID: 381b4222-f694-41f0-9685-ff5bb260df2e (Balanced),14:49:28,ok,107.6557,114.9927,55.5974,93.3779,5.1358,28.8632,0.1027,0.5773,0.0023,0.029,0.0,0.0,9220.8,9258.0,925673.9244,1674584.1229,199.5333,742.0
