group,label,iter,pos,test,ops,elapsed_s,class,batches,rec_per_batch,window_us,snapshot_us,fsync_us,coord_us,closes,cpu_s,wall_s,rss_mb,threads,handles,prio,affinity,mpeng_cpu_delta_s,perfpct_pre,plan,start_time,result
prio,cur,1,1,M13,100069,9.993,FAST,1365,732.6,2163.4,190.0,4813.0,152.5,"0,0,119,1,1245",64.2,15.5,84,1005,1059,Normal,255,0,90.6,"Power Scheme GUID: 381b4222-f694-41f0-9685-ff5bb260df2e (Balanced)",14:51:01,ok
prio,cur,1,2,M12,18430,5.426,FAST,1084,92.3,474.3,52.7,4364.9,112.0,"0,0,1,1,1082",7.9,6.2,6,105,160,Normal,255,0,29.2,"Power Scheme GUID: 381b4222-f694-41f0-9685-ff5bb260df2e (Balanced)",14:51:28,ok
prio,cur,2,1,M13,104302,9.588,FAST,1369,730.5,2044.3,192.8,4642.5,122.0,"0,0,93,0,1276",57.7,14.9,80,1005,1060,Normal,255,0,25.4,"Power Scheme GUID: 381b4222-f694-41f0-9685-ff5bb260df2e (Balanced)",14:51:45,ok
prio,cur,2,2,M12,17921,5.580,FAST,1122,89.1,473.7,45.2,4335.8,116.6,"0,0,1,1,1120",8.1,7.3,12,105,160,Normal,255,0,29.1,"Power Scheme GUID: 381b4222-f694-41f0-9685-ff5bb260df2e (Balanced)",14:52:11,ok
prio,cur,3,1,M13,102395,9.766,FAST,1324,755.3,2334.7,209.5,4690.4,140.1,"0,0,109,1,1214",60,14.8,74,1005,1060,Normal,255,0,23.4,"Power Scheme GUID: 381b4222-f694-41f0-9685-ff5bb260df2e (Balanced)",14:52:29,ok
prio,cur,3,2,M12,18359,5.447,FAST,1085,92.2,474.4,42.3,4393.6,108.2,"0,0,1,0,1084",6.8,7.2,6,105,160,Normal,255,0,26.1,"Power Scheme GUID: 381b4222-f694-41f0-9685-ff5bb260df2e (Balanced)",14:52:55,ok
prio,cur,4,1,M13,103174,9.692,FAST,1378,725.7,2007.8,192.3,4705.5,124.7,"0,0,88,0,1290",61.5,15.3,87,1005,1060,Normal,255,0,29.8,"Power Scheme GUID: 381b4222-f694-41f0-9685-ff5bb260df2e (Balanced)",14:53:14,ok
prio,cur,4,2,M12,17844,5.604,FAST,1119,89.4,486.5,57.5,4343.7,118.2,"0,0,1,2,1116",10.8,7.2,12,105,160,Normal,255,0,24.4,"Power Scheme GUID: 381b4222-f694-41f0-9685-ff5bb260df2e (Balanced)",14:53:40,ok
prio,cur,5,1,M13,103066,9.703,FAST,1334,749.6,2130.5,221.9,4771.6,147.7,"0,0,110,1,1223",62.1,15,80,1005,1060,Normal,255,0,39.7,"Power Scheme GUID: 381b4222-f694-41f0-9685-ff5bb260df2e (Balanced)",14:53:58,ok
prio,cur,5,2,M12,17889,5.590,FAST,1098,91.1,494.2,71.6,4400.0,123.3,"0,0,1,0,1097",9.1,7.2,11,105,160,Normal,255,0,24.2,"Power Scheme GUID: 381b4222-f694-41f0-9685-ff5bb260df2e (Balanced)",14:54:24,ok
prio,cur,6,1,M13,102128,9.792,FAST,1329,752.4,2264.8,211.6,4753.4,136.5,"0,0,113,0,1216",63.6,15.4,85,1005,1060,Normal,255,0,23.4,"Power Scheme GUID: 381b4222-f694-41f0-9685-ff5bb260df2e (Balanced)",14:54:43,ok
prio,cur,6,2,M12,17675,5.658,FAST,1117,89.5,502.1,73.6,4362.8,124.5,"0,0,1,1,1115",8.2,7.2,9,105,160,Normal,255,0,62.5,"Power Scheme GUID: 381b4222-f694-41f0-9685-ff5bb260df2e (Balanced)",14:55:09,ok
prio,cur,7,1,M13,101316,9.870,FAST,1347,742.4,2188.9,202.4,4785.7,149.0,"0,0,119,0,1228",64.8,15.9,73,1005,1060,Normal,255,0,30,"Power Scheme GUID: 381b4222-f694-41f0-9685-ff5bb260df2e (Balanced)",14:55:27,ok
prio,cur,7,2,M12,17769,5.628,FAST,1113,89.8,490.7,68.4,4368.9,126.0,"0,0,0,3,1110",9.3,7.2,10,105,160,Normal,255,0,30.8,"Power Scheme GUID: 381b4222-f694-41f0-9685-ff5bb260df2e (Balanced)",14:55:54,ok
prio,cur,8,1,M13,101528,9.849,FAST,1341,745.7,2256.4,215.2,4736.4,135.1,"0,0,112,1,1228",61.8,14.9,76,1005,1060,Normal,255,0,35.5,"Power Scheme GUID: 381b4222-f694-41f0-9685-ff5bb260df2e (Balanced)",14:56:13,ok
prio,cur,8,2,M12,17961,5.568,FAST,1107,90.3,501.6,57.6,4348.4,120.2,"0,0,1,0,1106",10.4,7.2,12,105,160,Normal,255,0,28.3,"Power Scheme GUID: 381b4222-f694-41f0-9685-ff5bb260df2e (Balanced)",14:56:39,ok
