ts,gc_running,others,disk_instances_write_ms,disk_instances_busy_pct,cpu_pct,perf_pct
15:28:38,0,1,0 e:=2.11;1 c: d:=0.29,0 e:=132.2;1 c: d:=1.4,22.8,110.2
15:28:39,0,1,0 e:=4.96;1 c: d:=0.54,0 e:=289;1 c: d:=1.1,16.1,84.0
15:28:40,0,1,0 e:=5.68;1 c: d:=0.48,0 e:=333.1;1 c: d:=0.3,16.0,43.2
15:28:42,0,1,0 e:=3.89;1 c: d:=2.1,0 e:=244.6;1 c: d:=1.2,21.7,39.4
15:28:43,0,1,0 e:=4.08;1 c: d:=0.33,0 e:=222.9;1 c: d:=0.4,16.5,37.9
15:28:44,0,1,0 e:=5.13;1 c: d:=0.2,0 e:=270.3;1 c: d:=0.6,13.4,79.3
15:28:45,0,1,0 e:=4.31;1 c: d:=0.4,0 e:=252.2;1 c: d:=0.5,19.8,107.3
15:28:46,0,1,0 e:=4.98;1 c: d:=0.16,0 e:=297.3;1 c: d:=0.1,18.5,112.8
15:28:47,0,1,0 e:=5.93;1 c: d:=0.19,0 e:=267.8;1 c: d:=0.1,23.0,113.0
15:28:48,0,1,0 e:=2.93;1 c: d:=0.15,0 e:=170;1 c: d:=0.1,20.8,112.7
15:28:49,0,1,0 e:=2.92;1 c: d:=0.17,0 e:=166.8;1 c: d:=0,19.3,112.8
15:28:50,0,1,0 e:=3.68;1 c: d:=0.35,0 e:=202.6;1 c: d:=0.6,17.9,112.9
15:28:51,0,1,0 e:=4.87;1 c: d:=0.18,0 e:=279.5;1 c: d:=0.1,19.6,112.7
15:28:52,0,1,0 e:=6.79;1 c: d:=0.16,0 e:=261.1;1 c: d:=0,16.2,113.3
15:28:53,0,1,0 e:=3.21;1 c: d:=0.22,0 e:=174.7;1 c: d:=0.1,32.1,112.1
15:28:54,0,1,0 e:=2.99;1 c: d:=0.25,0 e:=178;1 c: d:=2.1,23.8,112.6
15:28:55,0,1,0 e:=2.88;1 c: d:=0.16,0 e:=163.8;1 c: d:=0.4,19.3,112.9
15:28:56,0,1,0 e:=4.04;1 c: d:=0.11,0 e:=227.4;1 c: d:=0.1,18.5,112.9
15:28:57,0,1,0 e:=4.17;1 c: d:=0,0 e:=230.7;1 c: d:=0,18.8,112.9
15:28:58,0,1,0 e:=3.81;1 c: d:=0.17,0 e:=191.6;1 c: d:=0.1,17.9,113.2
15:28:59,0,1,0 e:=3;1 c: d:=0.14,0 e:=169.5;1 c: d:=0,16.9,112.9
15:29:00,0,1,0 e:=3;1 c: d:=0.54,0 e:=181.8;1 c: d:=0.6,20.2,112.8
15:29:01,0,1,0 e:=2.91;1 c: d:=0,0 e:=168.3;1 c: d:=0,16.8,112.8
15:29:02,0,1,0 e:=2.97;1 c: d:=0.18,0 e:=172.8;1 c: d:=0.2,18.2,109.9
15:29:03,0,1,0 e:=6.59;1 c: d:=0.94,0 e:=279.1;1 c: d:=0.3,16.9,113.4
15:29:04,0,1,0 e:=4.04;1 c: d:=0.15,0 e:=240.3;1 c: d:=0.1,16.8,112.7
15:29:05,0,1,0 e:=5.31;1 c: d:=0,0 e:=289.3;1 c: d:=0,16.9,39.9
15:29:06,0,1,0 e:=3.48;1 c: d:=0.24,0 e:=188.1;1 c: d:=0.2,16.0,37.0
15:29:07,0,1,0 e:=3.17;1 c: d:=0.2,0 e:=169.8;1 c: d:=0.1,6.7,82.4
15:29:08,0,1,0 e:=3.36;1 c: d:=0.17,0 e:=192.8;1 c: d:=0.1,19.4,89.5
15:29:09,0,1,0 e:=4.59;1 c: d:=0.23,0 e:=203.2;1 c: d:=0,13.7,46.2
15:29:10,0,1,0 e:=5.14;1 c: d:=0.19,0 e:=276.9;1 c: d:=0,11.5,35.8
15:29:11,0,1,0 e:=5.3;1 c: d:=0.16,0 e:=296.9;1 c: d:=0,17.8,45.2
15:29:12,0,1,0 e:=3.47;1 c: d:=0.15,0 e:=193.6;1 c: d:=0.3,11.8,38.3
15:29:13,0,1,0 e:=3.43;1 c: d:=0.16,0 e:=194.5;1 c: d:=0,11.6,40.9
15:29:15,0,1,0 e:=3.97;1 c: d:=1.48,0 e:=169.1;1 c: d:=2.1,16.3,95.4
15:29:16,0,1,0 e:=3.42;1 c: d:=0.2,0 e:=186.9;1 c: d:=0,12.5,52.3
15:29:17,0,1,0 e:=3.34;1 c: d:=0.28,0 e:=186.5;1 c: d:=0.1,16.4,32.9
15:29:18,0,1,0 e:=3.6;1 c: d:=0.47,0 e:=195.8;1 c: d:=0.3,14.6,40.0
15:29:19,0,1,0 e:=3.39;1 c: d:=0.2,0 e:=185.1;1 c: d:=0,13.6,44.5
15:29:20,0,1,0 e:=3.92;1 c: d:=0.23,0 e:=168.5;1 c: d:=0.1,9.7,51.1
15:29:21,0,1,0 e:=3.5;1 c: d:=0.48,0 e:=195.7;1 c: d:=0.6,11.7,74.9
15:29:22,0,1,0 e:=3.31;1 c: d:=0.14,0 e:=182.4;1 c: d:=0,20.6,32.9
15:29:23,0,1,0 e:=4.04;1 c: d:=0.4,0 e:=237.3;1 c: d:=0.3,11.3,37.2
15:29:24,0,1,0 e:=5.44;1 c: d:=0.25,0 e:=285.5;1 c: d:=0.1,13.1,84.1
15:29:25,0,1,0 e:=5.33;1 c: d:=0.2,0 e:=305.1;1 c: d:=0,13.5,44.3
15:29:26,0,1,0 e:=5.36;1 c: d:=0.22,0 e:=210.3;1 c: d:=0.1,11.4,35.5
15:29:27,0,1,0 e:=3.53;1 c: d:=0.19,0 e:=184.4;1 c: d:=0,17.7,36.1
15:29:28,0,1,0 e:=3.28;1 c: d:=0.72,0 e:=178;1 c: d:=0.6,13.4,56.3
15:29:29,0,1,0 e:=3.33;1 c: d:=0.17,0 e:=178.8;1 c: d:=0.1,14.7,45.9
15:29:30,0,1,0 e:=6.46;1 c: d:=0.19,0 e:=327.1;1 c: d:=0.1,9.4,41.1
15:29:31,0,1,0 e:=5.81;1 c: d:=0.27,0 e:=241.6;1 c: d:=0.1,14.3,46.8
15:29:32,0,1,0 e:=3.38;1 c: d:=0.29,0 e:=187.4;1 c: d:=0,14.7,41.2
15:29:33,0,1,0 e:=3.31;1 c: d:=0.17,0 e:=188.6;1 c: d:=0,14.6,47.4
15:29:34,0,1,0 e:=3.45;1 c: d:=0.57,0 e:=170.4;1 c: d:=0.5,15.8,49.1
15:29:35,0,1,0 e:=3.28;1 c: d:=0.18,0 e:=174;1 c: d:=0.1,6.1,60.7
15:29:36,0,1,0 e:=3.94;1 c: d:=0.2,0 e:=215.2;1 c: d:=0.1,8.8,66.6
15:29:37,0,1,0 e:=6.18;1 c: d:=0.23,0 e:=285.4;1 c: d:=0.1,14.1,51.7
15:29:38,0,1,0 e:=3.39;1 c: d:=0.29,0 e:=188.5;1 c: d:=0.1,15.3,34.3
15:29:39,0,1,0 e:=3.58;1 c: d:=0,0 e:=208.2;1 c: d:=0,14.5,36.4
15:29:41,0,1,0 e:=3.75;1 c: d:=0.2,0 e:=204.6;1 c: d:=0.2,12.5,42.1
15:29:42,0,1,0 e:=3.47;1 c: d:=0.29,0 e:=201.3;1 c: d:=0,11.3,48.8
15:29:43,0,1,0 e:=5.63;1 c: d:=0.2,0 e:=274.4;1 c: d:=0.1,17.3,46.8
15:29:44,0,1,0 e:=3.46;1 c: d:=0.19,0 e:=188;1 c: d:=0.1,14.2,65.5
15:29:45,0,1,0 e:=6.27;1 c: d:=0.27,0 e:=350.7;1 c: d:=1.9,12.1,44.1
15:29:46,0,1,0 e:=3.67;1 c: d:=0.19,0 e:=186.6;1 c: d:=0.1,10.4,59.8
15:29:47,0,1,0 e:=5.19;1 c: d:=0.21,0 e:=285.9;1 c: d:=0.1,12.4,50.9
15:29:48,0,1,0 e:=6.43;1 c: d:=0.17,0 e:=295.6;1 c: d:=0.1,9.7,68.7
15:29:49,0,1,0 e:=5.05;1 c: d:=0.18,0 e:=280.7;1 c: d:=0.1,16.1,52.7
15:29:50,0,1,0 e:=5.43;1 c: d:=0.22,0 e:=314.3;1 c: d:=0.1,14.8,57.0
15:29:51,0,1,0 e:=5.19;1 c: d:=0.23,0 e:=286.6;1 c: d:=0.3,18.0,37.6
15:29:52,0,1,0 e:=6.45;1 c: d:=0.18,0 e:=375.6;1 c: d:=0.1,20.5,112.9
15:29:53,0,1,0 e:=4.99;1 c: d:=0.75,0 e:=287.3;1 c: d:=0.7,16.4,57.6
15:29:54,0,1,0 e:=5.75;1 c: d:=0.39,0 e:=262.8;1 c: d:=0.1,12.5,38.2
15:29:55,0,1,0 e:=5.35;1 c: d:=0.33,0 e:=284.7;1 c: d:=0.1,30.1,99.7
15:29:56,0,1,0 e:=4.31;1 c: d:=0.14,0 e:=223.7;1 c: d:=0,35.6,112.5
15:29:57,0,1,0 e:=3.42;1 c: d:=0.17,0 e:=172.5;1 c: d:=0.1,34.0,112.5
15:29:58,0,1,0 e:=3.13;1 c: d:=0.12,0 e:=139.9;1 c: d:=0.1,25.9,107.2
15:29:59,0,1,0 e:=180.41;1 c: d:=0.25,0 e:=202.7;1 c: d:=0,15.0,66.3
15:30:00,0,1,0 e:=5.06;1 c: d:=0.23,0 e:=242.6;1 c: d:=1.5,28.9,102.9
15:30:01,0,1,0 e:=3.36;1 c: d:=0.21,0 e:=168.7;1 c: d:=0.3,37.4,112.5
15:30:02,0,1,0 e:=3.77;1 c: d:=0.12,0 e:=181.9;1 c: d:=0,33.6,112.5
15:30:03,0,1,0 e:=3.24;1 c: d:=0.16,0 e:=158.8;1 c: d:=0,26.6,108.7
15:30:04,0,1,0 e:=5.69;1 c: d:=0.18,0 e:=254;1 c: d:=0.2,25.7,109.4
15:30:06,0,1,0 e:=174.19;1 c: d:=0,0 e:=138.7;1 c: d:=0,19.7,76.0
15:30:07,0,1,0 e:=186.17;1 c: d:=0.22,0 e:=37.2;1 c: d:=0,22.2,106.9
15:30:08,0,1,0 e:=743.44;1 c: d:=0,0 e:=585.4;1 c: d:=0,26.6,112.8
15:30:09,0,1,0 e:=4.65;1 c: d:=0.21,0 e:=234.6;1 c: d:=0.1,27.6,93.1
15:30:10,0,1,0 e:=8.24;1 c: d:=0.3,0 e:=241.6;1 c: d:=0,12.6,34.2
15:30:11,0,1,0 e:=10.29;1 c: d:=0.18,0 e:=418.4;1 c: d:=0,14.4,42.8
15:30:12,0,1,0 e:=4.23;1 c: d:=0.18,0 e:=229.3;1 c: d:=0.2,21.2,59.0
15:30:13,0,1,0 e:=3.4;1 c: d:=0.2,0 e:=176.9;1 c: d:=0,19.5,37.6
15:30:14,0,1,0 e:=3.25;1 c: d:=0.18,0 e:=168.6;1 c: d:=0.1,15.1,58.4
15:30:16,0,1,0 e:=3.12;1 c: d:=0.47,0 e:=152.9;1 c: d:=0.2,15.0,52.4
15:30:17,0,1,0 e:=4.95;1 c: d:=0,0 e:=219.8;1 c: d:=0,14.6,36.1
15:30:18,0,1,0 e:=3.55;1 c: d:=0.9,0 e:=179.3;1 c: d:=0.6,16.9,48.1
15:30:19,0,1,0 e:=4.11;1 c: d:=0.14,0 e:=208.7;1 c: d:=0,16.9,52.1
15:30:20,0,1,0 e:=3.64;1 c: d:=0.46,0 e:=180.2;1 c: d:=4.7,9.7,64.9
15:30:21,0,1,0 e:=3.68;1 c: d:=0.25,0 e:=187.1;1 c: d:=0.2,21.7,47.1
15:30:22,0,1,0 e:=3.89;1 c: d:=0.29,0 e:=161.8;1 c: d:=0.1,17.0,45.9
15:30:23,0,1,0 e:=3.61;1 c: d:=0.2,0 e:=173.5;1 c: d:=0,19.1,44.0
15:30:24,0,1,0 e:=4.96;1 c: d:=0.22,0 e:=136.2;1 c: d:=0.1,14.7,52.6
15:30:25,0,1,0 e:=3.28;1 c: d:=0.26,0 e:=162.3;1 c: d:=0.1,15.7,46.8
15:30:26,0,1,0 e:=3.51;1 c: d:=0,0 e:=175.3;1 c: d:=0,15.7,44.5
15:30:27,0,1,0 e:=4.92;1 c: d:=0.25,0 e:=216.7;1 c: d:=0.1,15.3,51.8
15:30:28,0,1,0 e:=3.55;1 c: d:=0,0 e:=174.6;1 c: d:=0,16.2,50.6
15:30:29,0,1,0 e:=3.22;1 c: d:=0.18,0 e:=162.8;1 c: d:=0.1,17.3,44.5
15:30:30,0,1,0 e:=3.27;1 c: d:=0.19,0 e:=171.5;1 c: d:=0,14.5,47.2
15:30:31,0,1,0 e:=3.23;1 c: d:=0.96,0 e:=165.7;1 c: d:=0.6,17.2,49.0
15:30:32,0,1,0 e:=3.45;1 c: d:=0.16,0 e:=174.7;1 c: d:=0,17.2,36.9
15:30:33,0,1,0 e:=3.88;1 c: d:=0.23,0 e:=169.9;1 c: d:=0,17.1,49.8
15:30:34,0,1,0 e:=3.26;1 c: d:=0,0 e:=170.5;1 c: d:=0,23.0,44.2
15:30:35,0,1,0 e:=3.28;1 c: d:=0.45,0 e:=162.8;1 c: d:=0.2,16.3,39.1
15:30:36,0,1,0 e:=3.38;1 c: d:=1.22,0 e:=172.7;1 c: d:=0.4,16.1,53.4
15:30:37,0,1,0 e:=3.28;1 c: d:=0.22,0 e:=169.3;1 c: d:=0,19.1,45.7
15:30:38,0,1,0 e:=6.39;1 c: d:=0.34,0 e:=280.6;1 c: d:=0.3,16.7,44.1
15:30:40,0,1,0 e:=3.34;1 c: d:=0.24,0 e:=179.9;1 c: d:=0,17.8,51.3
15:30:41,0,1,0 e:=3.48;1 c: d:=0.23,0 e:=182.5;1 c: d:=29.8,28.2,85.0
15:30:42,0,1,0 e:=3.56;1 c: d:=0.19,0 e:=176;1 c: d:=0,14.6,51.0
15:30:43,0,1,0 e:=3.5;1 c: d:=0,0 e:=178;1 c: d:=0,13.4,68.6
15:30:44,0,1,0 e:=3.89;1 c: d:=0.23,0 e:=166.7;1 c: d:=0.1,13.7,62.5
15:30:46,0,1,0 e:=3.96;1 c: d:=0.49,0 e:=208.4;1 c: d:=0.2,15.6,66.1
15:30:47,0,1,0 e:=4.79;1 c: d:=0.34,0 e:=252.3;1 c: d:=0.7,16.6,39.1
15:30:48,0,1,0 e:=3.7;1 c: d:=0,0 e:=190.8;1 c: d:=0,14.4,58.3
15:30:49,0,1,0 e:=3.62;1 c: d:=0.52,0 e:=192;1 c: d:=0.1,16.3,44.3
15:30:50,0,1,0 e:=4.13;1 c: d:=0.27,0 e:=155.8;1 c: d:=0.1,13.8,37.3
15:30:51,0,1,0 e:=3.44;1 c: d:=0.94,0 e:=179.9;1 c: d:=4.2,15.4,46.4
15:30:52,0,1,0 e:=3.46;1 c: d:=0.77,0 e:=176.2;1 c: d:=0.2,15.7,58.6
15:30:53,0,1,0 e:=3.72;1 c: d:=2.56,0 e:=185.6;1 c: d:=9.4,19.8,36.5
15:30:54,0,1,0 e:=3.62;1 c: d:=1.68,0 e:=183.5;1 c: d:=3.5,20.1,80.3
15:30:55,0,1,0 e:=4.39;1 c: d:=0.16,0 e:=181.3;1 c: d:=0,17.7,79.0
15:30:56,0,1,0 e:=6.09;1 c: d:=113.94,0 e:=310.9;1 c: d:=11.3,20.4,88.2
15:30:57,0,1,0 e:=4.73;1 c: d:=2.16,0 e:=273.8;1 c: d:=5.5,16.5,107.0
15:30:58,0,1,0 e:=3.65;1 c: d:=1.65,0 e:=219.6;1 c: d:=1,16.7,112.8
15:30:59,0,1,0 e:=3.81;1 c: d:=0,0 e:=228.6;1 c: d:=0,16.5,112.8
15:31:00,0,1,0 e:=3.58;1 c: d:=0.79,0 e:=218.4;1 c: d:=0.5,18.1,112.8
15:31:01,0,1,0 e:=62.36;1 c: d:=0.19,0 e:=230.3;1 c: d:=0.1,11.7,84.5
15:31:02,0,1,0 e:=186.18;1 c: d:=0.21,0 e:=294.3;1 c: d:=0,7.8,85.9
15:31:03,0,1,0 e:=3.68;1 c: d:=0,0 e:=223.1;1 c: d:=0,16.6,112.3
15:31:04,0,1,0 e:=5.22;1 c: d:=0.19,0 e:=311.3;1 c: d:=0,18.1,112.8
15:31:05,0,1,0 e:=5.46;1 c: d:=0.16,0 e:=306.7;1 c: d:=0,16.4,112.9
15:31:06,0,1,0 e:=10.66;1 c: d:=0.17,0 e:=330.2;1 c: d:=0,12.6,107.8
15:31:07,0,1,0 e:=389.68;1 c: d:=0,0 e:=155;1 c: d:=0,6.7,90.2
15:31:09,0,1,0 e:=10.39;1 c: d:=0.41,0 e:=265.8;1 c: d:=0.9,13.5,84.7
15:31:10,0,1,0 e:=3.77;1 c: d:=0.61,0 e:=226.6;1 c: d:=0.7,17.7,112.8
15:31:11,0,1,0 e:=4.05;1 c: d:=0.17,0 e:=221.7;1 c: d:=0,17.3,112.8
15:31:12,0,1,0 e:=8.6;1 c: d:=0.19,0 e:=237;1 c: d:=0.1,12.8,112.8
15:31:13,0,1,0 e:=163.21;1 c: d:=0.12,0 e:=176.1;1 c: d:=0.2,9.9,91.4
15:31:14,0,1,0 e:=6.04;1 c: d:=0,0 e:=341;1 c: d:=0,16.8,112.9
15:31:15,0,1,0 e:=5.66;1 c: d:=0.56,0 e:=336.6;1 c: d:=0.9,16.5,112.8
15:31:16,0,1,0 e:=5.71;1 c: d:=0.51,0 e:=337;1 c: d:=0.8,17.3,112.7
15:31:17,0,1,0 e:=6.28;1 c: d:=0.18,0 e:=244.2;1 c: d:=0.1,14.2,107.9
15:31:18,0,1,0 e:=215.43;1 c: d:=0.18,0 e:=214.4;1 c: d:=0.1,11.9,91.5
15:31:19,0,1,0 e:=6.36;1 c: d:=0.18,0 e:=264.7;1 c: d:=0,15.3,94.9
15:31:20,0,1,0 e:=4.82;1 c: d:=0.47,0 e:=293.3;1 c: d:=0.3,16.4,112.8
15:31:21,0,1,0 e:=4.1;1 c: d:=0.29,0 e:=238.3;1 c: d:=0.1,14.6,112.7
15:31:22,0,1,0 e:=11.61;1 c: d:=0.18,0 e:=433.6;1 c: d:=0.1,16.1,113.0
15:31:23,0,1,0 e:=241.48;1 c: d:=0,0 e:=240.8;1 c: d:=0,12.6,96.3
15:31:25,0,1,0 e:=419;1 c: d:=0.37,0 e:=249.6;1 c: d:=0.1,13.1,103.8
15:31:26,0,1,0 e:=5.84;1 c: d:=0.18,0 e:=337.4;1 c: d:=0,15.0,108.0
15:31:27,0,1,0 e:=4.84;1 c: d:=0.4,0 e:=277;1 c: d:=0.9,19.7,112.8
15:31:28,0,1,0 e:=6.21;1 c: d:=0.21,0 e:=295;1 c: d:=0.2,17.3,113.0
15:31:29,0,1,0 e:=118.5;1 c: d:=0,0 e:=129.7;1 c: d:=0,10.8,89.8
15:31:30,0,1,0 e:=3.95;1 c: d:=0.33,0 e:=235.4;1 c: d:=0.3,18.2,103.0
15:31:31,0,1,0 e:=4.05;1 c: d:=0,0 e:=252;1 c: d:=0,13.8,112.8
15:31:32,0,1,0 e:=5.05;1 c: d:=0.6,0 e:=295.9;1 c: d:=0.2,17.5,112.8
15:31:33,0,1,0 e:=5.08;1 c: d:=0.56,0 e:=231.8;1 c: d:=0.6,17.1,113.1
15:31:35,0,1,0 e:=159.97;1 c: d:=0,0 e:=159.5;1 c: d:=0,7.9,72.6
15:31:36,0,1,0 e:=13.4;1 c: d:=0,0 e:=268.1;1 c: d:=0,15.6,93.1
15:31:37,0,1,0 e:=3.98;1 c: d:=0.35,0 e:=244;1 c: d:=0.8,17.5,112.8
15:31:38,0,1,0 e:=3.89;1 c: d:=0,0 e:=231.6;1 c: d:=0,17.0,112.8
15:31:39,0,1,0 e:=4.84;1 c: d:=0.17,0 e:=315.8;1 c: d:=0,11.9,112.8
15:31:40,0,1,0 e:=153.38;1 c: d:=0.79,0 e:=320.9;1 c: d:=0.5,17.9,104.5
15:31:41,0,1,0 e:=227.03;1 c: d:=0.43,0 e:=271.1;1 c: d:=0,10.8,74.2
15:31:42,0,1,0 e:=4.92;1 c: d:=0,0 e:=240.7;1 c: d:=0,15.7,113.0
15:31:43,0,1,0 e:=4.1;1 c: d:=0.51,0 e:=246.4;1 c: d:=0.3,15.3,112.8
15:31:44,0,1,0 e:=4.54;1 c: d:=0.42,0 e:=273;1 c: d:=0.9,19.6,112.9
15:31:45,0,1,0 e:=9.46;1 c: d:=0.28,0 e:=293.2;1 c: d:=0.3,11.2,82.1
15:31:46,0,1,0 e:=89.22;1 c: d:=0,0 e:=249.2;1 c: d:=0,6.9,91.9
15:31:47,0,1,0 e:=87.51;1 c: d:=0.59,0 e:=113.6;1 c: d:=0.1,5.8,55.6
15:31:48,0,1,0 e:=4.11;1 c: d:=0,0 e:=250.2;1 c: d:=0,15.6,112.8
15:31:49,0,1,0 e:=4.03;1 c: d:=0.58,0 e:=237.7;1 c: d:=0.3,17.9,112.8
15:31:50,0,1,0 e:=4.79;1 c: d:=0.19,0 e:=276.7;1 c: d:=0,13.8,112.8
15:31:51,0,1,0 e:=61.92;1 c: d:=0,0 e:=271.2;1 c: d:=0,13.9,96.0
15:31:53,0,1,0 e:=8.76;1 c: d:=0.31,0 e:=366.5;1 c: d:=0.7,18.6,106.2
15:31:54,0,1,0 e:=5.3;1 c: d:=0.26,0 e:=336.4;1 c: d:=0.6,19.1,112.7
15:31:55,0,1,0 e:=5.33;1 c: d:=0.09,0 e:=330.5;1 c: d:=0.1,17.5,112.8
15:31:56,0,1,0 e:=6.77;1 c: d:=0.63,0 e:=398.3;1 c: d:=0.2,5.2,79.5
15:31:57,0,1,0 e:=14.3;1 c: d:=0,0 e:=176.5;1 c: d:=0,2.7,71.2
15:31:58,0,1,0 e:=8.28;1 c: d:=0.31,0 e:=277.1;1 c: d:=0,8.0,35.0
15:31:59,0,1,0 e:=4.03;1 c: d:=0,0 e:=247.9;1 c: d:=0,7.0,35.2
15:32:00,0,1,0 e:=4.34;1 c: d:=0.47,0 e:=249.2;1 c: d:=0.6,9.5,49.8
15:32:01,0,1,0 e:=5.39;1 c: d:=0.39,0 e:=337.1;1 c: d:=0.3,5.8,106.9
15:32:02,0,1,0 e:=9.79;1 c: d:=0.21,0 e:=461.3;1 c: d:=0,6.1,25.5
15:32:03,0,1,0 e:=5.34;1 c: d:=0.27,0 e:=326.8;1 c: d:=0,12.0,40.1
15:32:04,0,1,0 e:=7.07;1 c: d:=0.2,0 e:=362.8;1 c: d:=0,9.7,48.8
15:32:05,0,1,0 e:=5.63;1 c: d:=0.58,0 e:=346;1 c: d:=0.2,9.4,62.9
15:32:06,0,1,0 e:=3.78;1 c: d:=0.24,0 e:=242.7;1 c: d:=0,11.1,32.5
15:32:07,0,1,0 e:=4.18;1 c: d:=0.25,0 e:=196.5;1 c: d:=0.1,10.5,34.4
15:32:08,0,1,0 e:=3.88;1 c: d:=0.38,0 e:=232.4;1 c: d:=0.4,12.7,35.1
15:32:09,0,1,0 e:=4.11;1 c: d:=0.21,0 e:=245.3;1 c: d:=0,8.4,46.2
15:32:10,0,1,0 e:=5.42;1 c: d:=0.63,0 e:=314.1;1 c: d:=0.1,9.7,55.4
15:32:11,0,1,0 e:=6.08;1 c: d:=0,0 e:=357.3;1 c: d:=0,9.7,34.6
15:32:13,0,1,0 e:=6.17;1 c: d:=0.32,0 e:=348.3;1 c: d:=0,10.4,50.4
15:32:14,0,1,0 e:=35.4;1 c: d:=0,0 e:=615.1;1 c: d:=0,5.1,45.5
15:32:15,0,1,0 e:=5.89;1 c: d:=0.17,0 e:=342.2;1 c: d:=0,10.1,52.1
15:32:16,0,1,0 e:=5.03;1 c: d:=0,0 e:=296.1;1 c: d:=0,12.9,39.0
15:32:17,0,1,0 e:=4.2;1 c: d:=0.7,0 e:=258.1;1 c: d:=19.2,19.0,94.4
15:32:18,0,1,0 e:=5.59;1 c: d:=0.57,0 e:=334.6;1 c: d:=9.3,16.7,57.8
15:32:19,0,1,0 e:=5.08;1 c: d:=0.29,0 e:=228.4;1 c: d:=0.1,7.2,45.2
15:32:20,0,1,0 e:=4.43;1 c: d:=0.39,0 e:=248.8;1 c: d:=0.7,9.2,47.5
15:32:21,0,1,0 e:=6.07;1 c: d:=0.29,0 e:=352.3;1 c: d:=0.1,12.2,31.8
15:32:22,0,1,0 e:=4.96;1 c: d:=0.22,0 e:=295.5;1 c: d:=0,13.8,48.7
15:32:23,0,1,0 e:=3.82;1 c: d:=1.46,0 e:=241.1;1 c: d:=0.9,15.3,62.5
15:32:24,0,1,0 e:=6.14;1 c: d:=0.42,0 e:=300.2;1 c: d:=0,12.3,30.8
15:32:25,0,1,0 e:=5.45;1 c: d:=0.6,0 e:=331.9;1 c: d:=0.3,9.3,54.3
15:32:26,0,1,0 e:=3.88;1 c: d:=0.49,0 e:=240.5;1 c: d:=0.3,13.0,65.1
15:32:27,0,1,0 e:=5.19;1 c: d:=0.34,0 e:=294.6;1 c: d:=0.4,14.1,39.2
15:32:28,0,1,0 e:=3.89;1 c: d:=0.3,0 e:=231.7;1 c: d:=0,11.8,38.0
15:32:29,0,1,0 e:=4.41;1 c: d:=0.34,0 e:=233.7;1 c: d:=0.7,11.7,47.1
15:32:30,0,1,0 e:=6.42;1 c: d:=0.19,0 e:=287.3;1 c: d:=0.1,12.0,38.2
15:32:31,0,1,0 e:=4.88;1 c: d:=0.23,0 e:=287.4;1 c: d:=0.1,19.3,43.4
15:32:32,0,1,0 e:=5.19;1 c: d:=0.18,0 e:=321.9;1 c: d:=0.1,11.8,48.3
15:32:33,0,1,0 e:=5.82;1 c: d:=0.31,0 e:=346.4;1 c: d:=0.1,14.3,68.5
15:32:34,0,1,0 e:=4.19;1 c: d:=0.23,0 e:=244.9;1 c: d:=0,17.4,63.2
15:32:35,0,1,0 e:=5.93;1 c: d:=0.17,0 e:=235.9;1 c: d:=0.1,16.0,52.1
15:32:36,0,1,0 e:=3.36;1 c: d:=0.25,0 e:=185.6;1 c: d:=0,16.7,51.5
15:32:37,0,1,0 e:=4.95;1 c: d:=0.22,0 e:=267.7;1 c: d:=0,23.8,51.0
15:32:38,0,1,0 e:=4.45;1 c: d:=0.21,0 e:=267.2;1 c: d:=0.1,20.3,51.4
15:32:40,0,1,0 e:=4.81;1 c: d:=0.16,0 e:=278.3;1 c: d:=0,11.2,46.9
15:32:41,0,1,0 e:=5.69;1 c: d:=0.35,0 e:=244.6;1 c: d:=0.6,9.7,61.8
15:32:42,0,1,0 e:=7.8;1 c: d:=0.15,0 e:=368.2;1 c: d:=0,12.4,59.5
15:32:43,0,1,0 e:=3.02;1 c: d:=0.29,0 e:=167;1 c: d:=0,13.1,41.1
15:32:44,0,1,0 e:=4.7;1 c: d:=0.24,0 e:=246.5;1 c: d:=0,11.7,47.5
15:32:45,0,1,0 e:=5.31;1 c: d:=0.51,0 e:=287.1;1 c: d:=0.8,7.0,78.2
15:32:46,0,1,0 e:=3.06;1 c: d:=0.19,0 e:=171.7;1 c: d:=0.1,9.1,49.3
15:32:47,0,1,0 e:=8.09;1 c: d:=0.2,0 e:=324.8;1 c: d:=0,14.0,43.3
15:32:48,0,1,0 e:=4.76;1 c: d:=0.66,0 e:=262.9;1 c: d:=0.6,9.4,59.0
15:32:49,0,1,0 e:=5.4;1 c: d:=0.22,0 e:=277.1;1 c: d:=0,9.0,72.3
15:32:50,0,1,0 e:=3.93;1 c: d:=0.66,0 e:=192.1;1 c: d:=0.3,8.1,71.0
15:32:51,0,1,0 e:=3.43;1 c: d:=1.11,0 e:=176.2;1 c: d:=1,9.2,85.3
15:32:52,0,1,0 e:=1.74;1 c: d:=0.27,0 e:=69.3;1 c: d:=0.2,10.4,74.6
15:32:53,0,1,0 e:=1.29;1 c: d:=0.5,0 e:=65.8;1 c: d:=1,9.4,52.6
15:32:54,0,1,0 e:=0.37;1 c: d:=0.37,0 e:=17.3;1 c: d:=0.1,9.2,57.1
15:32:55,0,1,0 e:=0.21;1 c: d:=0.18,0 e:=9;1 c: d:=0,5.0,36.6
15:32:56,0,1,0 e:=0.19;1 c: d:=0,0 e:=9.3;1 c: d:=0,6.3,61.9
15:32:57,0,1,0 e:=0.88;1 c: d:=0.7,0 e:=39.9;1 c: d:=0.2,6.5,48.8
15:32:58,0,1,0 e:=1.16;1 c: d:=0,0 e:=36.2;1 c: d:=0,3.0,28.3
15:32:59,0,1,0 e:=0.21;1 c: d:=0,0 e:=9.3;1 c: d:=0,7.6,39.8
15:33:00,0,1,0 e:=0.21;1 c: d:=0.62,0 e:=9.9;1 c: d:=0.7,5.2,53.5
15:33:01,0,1,0 e:=0.26;1 c: d:=0.19,0 e:=11.9;1 c: d:=0.3,5.0,32.1
15:33:02,0,1,0 e:=0.2;1 c: d:=0.26,0 e:=9.7;1 c: d:=0,4.9,50.4
15:33:03,0,1,0 e:=0.75;1 c: d:=0.36,0 e:=28.6;1 c: d:=0.1,5.2,59.9
15:33:04,0,1,0 e:=0.22;1 c: d:=0,0 e:=9.6;1 c: d:=0,4.3,35.8
15:33:05,0,1,0 e:=0.21;1 c: d:=0.5,0 e:=9.7;1 c: d:=0.2,7.8,45.7
15:33:06,0,1,0 e:=0.23;1 c: d:=0.2,0 e:=10.2;1 c: d:=0,7.9,43.2
15:33:07,0,1,0 e:=0.21;1 c: d:=0.26,0 e:=10;1 c: d:=0.1,3.7,41.9
15:33:09,0,0,0 e:=0.9;1 c: d:=0.16,0 e:=5.8;1 c: d:=0.2,13.5,112.0
15:33:10,0,0,0 e:=10.44;1 c: d:=0.32,0 e:=11.5;1 c: d:=1.6,16.3,113.4
15:33:11,0,0,0 e:=17.2;1 c: d:=0.22,0 e:=22.2;1 c: d:=0.4,17.3,101.3
15:33:12,1,0,0 e:=0.83;1 c: d:=0.58,0 e:=30;1 c: d:=0.3,7.5,73.7
15:33:13,1,0,0 e:=0.21;1 c: d:=0,0 e:=11.2;1 c: d:=0,4.7,55.4
15:33:14,1,0,0 e:=0.23;1 c: d:=0.79,0 e:=9.5;1 c: d:=0.2,4.7,44.8
15:33:15,1,0,0 e:=5.28;1 c: d:=0.52,0 e:=83.5;1 c: d:=0.7,4.0,45.3
15:33:16,1,0,0 e:=0.19;1 c: d:=0.19,0 e:=10.6;1 c: d:=0,3.5,59.8
15:33:17,1,0,0 e:=0.26;1 c: d:=0.71,0 e:=12.8;1 c: d:=0.5,3.3,28.7
15:33:18,1,0,0 e:=0.25;1 c: d:=0.34,0 e:=12;1 c: d:=0,5.5,49.4
15:33:19,1,0,0 e:=0.24;1 c: d:=0.26,0 e:=12.1;1 c: d:=0.2,4.9,50.7
15:33:20,1,0,0 e:=0.55;1 c: d:=0.28,0 e:=23.7;1 c: d:=0.2,4.2,26.6
15:33:21,1,0,0 e:=0.19;1 c: d:=0,0 e:=7.4;1 c: d:=0,31.3,46.1
15:33:22,1,0,0 e:=0.4;1 c: d:=0.8,0 e:=16.6;1 c: d:=1.7,22.4,48.4
15:33:23,1,0,0 e:=0.17;1 c: d:=0,0 e:=6.7;1 c: d:=0,39.6,41.5
15:33:24,1,0,0 e:=0.19;1 c: d:=0.41,0 e:=7.6;1 c: d:=0.2,38.0,47.3
15:33:25,1,0,0 e:=0.28;1 c: d:=0.41,0 e:=9.4;1 c: d:=0.1,34.4,41.0
15:33:26,3,0,0 e:=0.32;1 c: d:=0.35,0 e:=13;1 c: d:=0.1,29.3,60.8
15:33:27,3,0,0 e:=6.22;1 c: d:=0.38,0 e:=19;1 c: d:=0.8,19.9,101.5
15:33:28,2,0,0 e:=4.37;1 c: d:=0.88,0 e:=7;1 c: d:=3.1,16.4,98.1
15:33:29,3,0,0 e:=5.74;1 c: d:=0.41,0 e:=14.3;1 c: d:=0.8,15.9,90.0
15:33:30,2,0,0 e:=10.54;1 c: d:=1.1,0 e:=23.1;1 c: d:=3.2,17.1,94.2
15:33:31,3,0,0 e:=2.18;1 c: d:=0.43,0 e:=8.8;1 c: d:=1.1,21.1,94.2
15:33:32,3,0,0 e:=4.34;1 c: d:=0.53,0 e:=12.6;1 c: d:=1.5,17.6,106.5
15:33:34,1,0,0 e:=0.56;1 c: d:=0.71,0 e:=13.2;1 c: d:=0.4,65.5,106.2
15:33:35,1,0,0 e:=0.3;1 c: d:=0,0 e:=9.2;1 c: d:=0,82.8,110.9
15:33:36,1,0,0 e:=0.29;1 c: d:=0.16,0 e:=8;1 c: d:=0,81.9,110.6
15:33:37,1,0,0 e:=0.59;1 c: d:=0.79,0 e:=14.2;1 c: d:=0.2,77.4,105.9
15:33:38,1,0,0 e:=0.27;1 c: d:=5.51,0 e:=7.7;1 c: d:=3.3,83.3,110.8
15:33:39,1,0,0 e:=0.29;1 c: d:=0,0 e:=7.8;1 c: d:=0,83.0,110.7
15:33:40,1,0,0 e:=0.32;1 c: d:=11.87,0 e:=8.7;1 c: d:=9.4,78.6,110.8
15:33:41,1,0,0 e:=37.62;1 c: d:=5.45,0 e:=94.9;1 c: d:=0.5,38.8,54.9
15:33:42,1,0,0 e:=34.75;1 c: d:=2.44,0 e:=101.9;1 c: d:=4.5,40.8,66.5
15:33:43,1,0,0 e:=1.27;1 c: d:=1.18,0 e:=28.7;1 c: d:=0.3,72.5,103.5
15:33:44,1,0,0 e:=0.27;1 c: d:=0.21,0 e:=8.6;1 c: d:=0.1,80.1,110.8
15:33:45,1,0,0 e:=0.16;1 c: d:=0.19,0 e:=5.3;1 c: d:=0,30.6,112.6
15:33:46,1,0,0 e:=0;1 c: d:=0.2,0 e:=0;1 c: d:=0.1,14.2,115.3
15:33:47,1,0,0 e:=6.27;1 c: d:=0.86,0 e:=1.9;1 c: d:=0.3,13.4,115.1
15:33:48,1,0,0 e:=0;1 c: d:=0.18,0 e:=0;1 c: d:=0.1,15.9,115.0
15:33:49,0,0,0 e:=2.3;1 c: d:=0,0 e:=23.8;1 c: d:=0,12.9,112.7
15:33:50,0,0,0 e:=3.83;1 c: d:=0.34,0 e:=242;1 c: d:=0.5,10.1,81.9
15:33:52,0,0,0 e:=4.69;1 c: d:=0,0 e:=285.3;1 c: d:=0,4.8,67.5
15:33:53,0,0,0 e:=4.46;1 c: d:=0.5,0 e:=247.7;1 c: d:=0.4,4.4,62.6
15:33:54,0,0,0 e:=2.94;1 c: d:=0.3,0 e:=181.5;1 c: d:=0.3,6.7,54.9
15:33:55,0,0,0 e:=2.86;1 c: d:=0.6,0 e:=181.7;1 c: d:=0.4,10.8,74.0
15:33:56,0,0,0 e:=2.88;1 c: d:=0.32,0 e:=178.1;1 c: d:=0.1,4.2,31.6
15:33:57,0,0,0 e:=2.93;1 c: d:=0.28,0 e:=185.2;1 c: d:=0.2,6.3,87.7
15:33:58,0,0,0 e:=2.99;1 c: d:=0.37,0 e:=171.1;1 c: d:=0.8,5.5,102.7
15:33:59,0,0,0 e:=5.99;1 c: d:=0.42,0 e:=304.5;1 c: d:=0.4,4.9,51.0
15:34:00,0,0,0 e:=4.34;1 c: d:=0.3,0 e:=274.7;1 c: d:=1.3,6.9,53.4
15:34:01,0,0,0 e:=2.91;1 c: d:=0.41,0 e:=179.5;1 c: d:=0.4,8.1,57.6
15:34:02,0,0,0 e:=2.89;1 c: d:=0.25,0 e:=181.7;1 c: d:=0,4.7,73.0
15:34:03,0,0,0 e:=2.82;1 c: d:=0.71,0 e:=180;1 c: d:=0.6,11.0,78.7
15:34:04,0,0,0 e:=3.71;1 c: d:=3.66,0 e:=201.3;1 c: d:=1.8,13.6,88.8
15:34:05,0,0,0 e:=2.78;1 c: d:=0,0 e:=175.6;1 c: d:=0,6.0,50.5
15:34:06,0,0,0 e:=3.24;1 c: d:=0.5,0 e:=203.6;1 c: d:=1,8.1,66.4
15:34:07,0,0,0 e:=2.92;1 c: d:=0.93,0 e:=182.2;1 c: d:=0.1,7.6,60.1
15:34:08,0,0,0 e:=2.9;1 c: d:=0.39,0 e:=183.6;1 c: d:=0,6.6,61.9
15:34:09,0,0,0 e:=2.96;1 c: d:=0.34,0 e:=149.6;1 c: d:=0.1,8.0,41.5
15:34:10,0,0,0 e:=2.87;1 c: d:=0,0 e:=179.1;1 c: d:=0,8.8,45.1
15:34:11,0,0,0 e:=3.03;1 c: d:=0.65,0 e:=185.7;1 c: d:=0.3,6.3,80.5
15:34:12,0,0,0 e:=3.22;1 c: d:=0.37,0 e:=202.9;1 c: d:=1,7.8,95.0
15:34:13,0,0,0 e:=2.89;1 c: d:=0.25,0 e:=183.7;1 c: d:=0.1,5.1,70.6
15:34:14,0,0,0 e:=2.89;1 c: d:=0,0 e:=176.4;1 c: d:=0,7.9,40.2
15:34:15,0,0,0 e:=3.42;1 c: d:=0.24,0 e:=187.9;1 c: d:=0,6.4,24.8
15:34:16,0,0,0 e:=2.92;1 c: d:=0,0 e:=179.8;1 c: d:=0,7.3,45.2
15:34:18,0,0,0 e:=2.99;1 c: d:=0,0 e:=184.3;1 c: d:=0,5.2,95.5
15:34:19,0,0,0 e:=4.07;1 c: d:=0,0 e:=252;1 c: d:=0,6.6,26.1
15:34:20,0,0,0 e:=3.94;1 c: d:=0,0 e:=244.4;1 c: d:=0,5.4,107.5
15:34:21,0,0,0 e:=4.56;1 c: d:=0.54,0 e:=234;1 c: d:=0.3,6.2,43.1
15:34:22,0,0,0 e:=2.97;1 c: d:=0.32,0 e:=179.7;1 c: d:=0,5.9,33.3
15:34:23,0,0,0 e:=2.84;1 c: d:=0,0 e:=177.6;1 c: d:=0,8.2,48.7
15:34:24,0,0,0 e:=2.9;1 c: d:=0.26,0 e:=180.2;1 c: d:=0.2,7.3,44.5
15:34:25,0,0,0 e:=2.84;1 c: d:=0.22,0 e:=179.7;1 c: d:=0.1,10.4,46.6
15:34:26,0,0,0 e:=3.9;1 c: d:=0.37,0 e:=215.5;1 c: d:=0.7,4.8,69.7
15:34:27,0,0,0 e:=4.45;1 c: d:=0,0 e:=274.8;1 c: d:=0,5.7,48.5
15:34:28,0,0,0 e:=2.76;1 c: d:=0,0 e:=174.8;1 c: d:=0,8.2,26.4
15:34:29,0,0,0 e:=3;1 c: d:=0,0 e:=184.1;1 c: d:=0,8.0,72.9
15:34:30,0,0,0 e:=1.72;1 c: d:=0.7,0 e:=60.6;1 c: d:=1,18.9,105.3
15:34:31,0,0,0 e:=0.98;1 c: d:=0.38,0 e:=27.7;1 c: d:=0.8,23.5,112.5
15:34:32,0,0,0 e:=1.52;1 c: d:=0.41,0 e:=39.2;1 c: d:=1,22.8,96.8
15:34:33,0,0,0 e:=1.01;1 c: d:=0.59,0 e:=36.2;1 c: d:=1.1,23.7,109.5
15:34:34,0,0,0 e:=0.85;1 c: d:=0.37,0 e:=30.9;1 c: d:=0.8,21.9,96.8
15:34:35,0,0,0 e:=0.72;1 c: d:=0.36,0 e:=25.6;1 c: d:=0.7,21.9,112.2
15:34:36,0,0,0 e:=0.67;1 c: d:=0.58,0 e:=22.3;1 c: d:=5.5,30.6,108.1
15:34:37,0,0,0 e:=2.05;1 c: d:=0.72,0 e:=53.3;1 c: d:=12.7,23.7,102.9
15:34:38,0,0,0 e:=1.02;1 c: d:=15.85,0 e:=23.7;1 c: d:=45.8,25.2,104.8
15:34:39,0,0,0 e:=1.07;1 c: d:=0.6,0 e:=24;1 c: d:=6.4,39.2,111.3
15:34:40,0,0,0 e:=1.12;1 c: d:=0.32,0 e:=26.5;1 c: d:=1,12.7,77.5
15:34:42,0,0,0 e:=4.26;1 c: d:=0.62,0 e:=238.4;1 c: d:=2.2,13.1,52.0
15:34:43,0,0,0 e:=4.68;1 c: d:=0.32,0 e:=334.7;1 c: d:=0.8,11.8,41.3
15:34:44,0,0,0 e:=6.2;1 c: d:=0.68,0 e:=317.1;1 c: d:=0.3,9.9,48.2
15:34:45,0,0,0 e:=4.15;1 c: d:=0.72,0 e:=216.4;1 c: d:=0.6,10.5,41.0
15:34:46,0,0,0 e:=2.41;1 c: d:=0.16,0 e:=121.3;1 c: d:=0,8.3,49.7
15:34:47,0,0,0 e:=4.25;1 c: d:=0.31,0 e:=221.2;1 c: d:=0.2,10.2,63.3
15:34:48,0,0,0 e:=3.43;1 c: d:=0.51,0 e:=146.7;1 c: d:=0.6,6.6,32.7
15:34:49,0,0,0 e:=0.96;1 c: d:=0.61,0 e:=51.5;1 c: d:=1.8,8.6,67.7
15:34:50,0,0,0 e:=0.2;1 c: d:=0.61,0 e:=10.9;1 c: d:=0.2,4.4,69.0
15:34:51,0,0,0 e:=2.57;1 c: d:=0.4,0 e:=107.7;1 c: d:=0.3,13.2,80.6
15:34:52,0,1,0 e:=1.69;1 c: d:=0.25,0 e:=75.2;1 c: d:=0,14.7,57.6
15:34:53,0,0,0 e:=1.13;1 c: d:=0.39,0 e:=41.2;1 c: d:=0.7,13.0,87.6
15:34:54,0,0,0 e:=3.33;1 c: d:=0.24,0 e:=199.6;1 c: d:=0.1,8.3,79.8
15:34:55,0,0,0 e:=2.52;1 c: d:=0.17,0 e:=41;1 c: d:=0.2,18.0,108.5
15:34:56,0,0,0 e:=0.2;1 c: d:=0.13,0 e:=8.5;1 c: d:=0.1,10.4,56.5
15:34:57,0,0,0 e:=0.22;1 c: d:=0.47,0 e:=9.1;1 c: d:=0.5,5.8,51.8
15:34:58,0,0,0 e:=0.22;1 c: d:=0.68,0 e:=8.5;1 c: d:=0.1,6.9,53.3
15:34:59,0,0,0 e:=0.39;1 c: d:=0.26,0 e:=13.3;1 c: d:=0,6.6,57.5
15:35:00,0,0,0 e:=0.21;1 c: d:=0.94,0 e:=9;1 c: d:=0.1,6.3,49.8
15:35:01,0,0,0 e:=0.21;1 c: d:=0.86,0 e:=9.2;1 c: d:=0.3,4.4,62.2
15:35:02,0,0,0 e:=0.21;1 c: d:=1.06,0 e:=9;1 c: d:=0.1,10.8,62.1
15:35:03,0,0,0 e:=0.24;1 c: d:=0,0 e:=8.7;1 c: d:=0,8.0,28.7
15:35:04,0,0,0 e:=0.24;1 c: d:=0.45,0 e:=8.9;1 c: d:=1,10.3,47.6
15:35:05,0,0,0 e:=0.57;1 c: d:=0,0 e:=21;1 c: d:=0,7.1,54.4
15:35:06,0,0,0 e:=0.18;1 c: d:=0,0 e:=8.8;1 c: d:=0.1,5.1,104.0
15:35:07,0,0,0 e:=0.21;1 c: d:=0,0 e:=9.3;1 c: d:=0,5.3,70.3
15:35:08,0,0,0 e:=0.21;1 c: d:=0,0 e:=9.4;1 c: d:=0,4.3,65.8
15:35:10,0,0,0 e:=0.17;1 c: d:=0.45,0 e:=7.6;1 c: d:=1.7,18.8,81.6
15:35:11,0,0,0 e:=2;1 c: d:=0.44,0 e:=31.8;1 c: d:=0.7,10.6,76.0
15:35:12,0,0,0 e:=1.82;1 c: d:=0.12,0 e:=111.3;1 c: d:=0.3,17.5,101.6
15:35:13,0,0,0 e:=1.18;1 c: d:=0.61,0 e:=22.3;1 c: d:=0.1,7.0,46.5
15:35:14,0,0,0 e:=1.76;1 c: d:=0.3,0 e:=16.4;1 c: d:=0.1,6.6,45.1
15:35:15,0,1,0 e:=1.51;1 c: d:=0.17,0 e:=67.1;1 c: d:=0.2,20.5,75.3
15:35:16,0,2,0 e:=0.36;1 c: d:=0.5,0 e:=0.2;1 c: d:=0.3,10.8,101.5
15:35:17,0,2,0 e:=37.7;1 c: d:=0.24,0 e:=85.1;1 c: d:=0.2,30.4,111.9
15:35:18,0,2,0 e:=0.82;1 c: d:=0.43,0 e:=1;1 c: d:=0.7,28.4,111.7
15:35:19,0,1,0 e:=1.75;1 c: d:=0.37,0 e:=1.9;1 c: d:=0.5,33.1,111.6
15:35:20,0,1,0 e:=0.25;1 c: d:=0.39,0 e:=0.4;1 c: d:=1,29.4,111.6
15:35:21,0,2,0 e:=6.41;1 c: d:=0.28,0 e:=10.2;1 c: d:=0.3,31.4,111.6
15:35:22,0,1,0 e:=0.32;1 c: d:=0.15,0 e:=0.1;1 c: d:=0,15.5,112.8
15:35:23,0,1,0 e:=0;1 c: d:=0,0 e:=0;1 c: d:=0,13.2,113.5
15:35:24,0,2,0 e:=0.22;1 c: d:=0.17,0 e:=0.2;1 c: d:=0.1,30.1,111.9
15:35:25,0,2,0 e:=0.88;1 c: d:=0.89,0 e:=1;1 c: d:=1.4,35.6,111.6
15:35:26,0,2,0 e:=5.62;1 c: d:=0.21,0 e:=8.9;1 c: d:=0.3,29.8,111.6
15:35:27,0,1,0 e:=2.16;1 c: d:=0.16,0 e:=2.6;1 c: d:=0.2,34.7,111.6
15:35:28,0,1,0 e:=0.65;1 c: d:=0.16,0 e:=0.7;1 c: d:=0.2,31.9,111.6
15:35:29,0,1,0 e:=0.29;1 c: d:=2.07,0 e:=0.5;1 c: d:=2.5,25.1,112.0
15:35:30,0,1,0 e:=0;1 c: d:=0.98,0 e:=0;1 c: d:=0.6,14.0,113.5
15:35:31,0,3,0 e:=2.94;1 c: d:=0.18,0 e:=27.4;1 c: d:=0.1,14.9,112.9
15:35:32,0,1,0 e:=1.38;1 c: d:=0.18,0 e:=9.9;1 c: d:=0,20.2,112.6
15:35:33,0,0,0 e:=0.47;1 c: d:=0.35,0 e:=0.4;1 c: d:=0.3,12.2,113.4
15:35:34,0,1,0 e:=0.81;1 c: d:=0.19,0 e:=9.6;1 c: d:=0.2,36.5,111.4
15:35:35,0,8,0 e:=1.41;1 c: d:=0.29,0 e:=17.6;1 c: d:=0.3,34.2,111.6
15:35:36,0,2,0 e:=1.22;1 c: d:=0.19,0 e:=5.6;1 c: d:=0.2,16.8,112.9
15:35:37,0,2,0 e:=0;1 c: d:=0.69,0 e:=0;1 c: d:=0.7,13.8,113.6
15:35:38,0,1,0 e:=0.19;1 c: d:=0.89,0 e:=5.9;1 c: d:=0.1,18.5,112.6
15:35:39,0,1,0 e:=0.16;1 c: d:=1.02,0 e:=4.9;1 c: d:=0.2,19.3,112.7
15:35:40,0,1,0 e:=0.18;1 c: d:=0.19,0 e:=5.6;1 c: d:=0.1,18.8,112.9
15:35:41,0,1,0 e:=0.92;1 c: d:=0.12,0 e:=22.4;1 c: d:=0.2,12.2,107.0
15:35:42,0,1,0 e:=0.25;1 c: d:=0,0 e:=7.3;1 c: d:=0,9.1,113.9
15:35:43,0,1,0 e:=0.51;1 c: d:=0,0 e:=13.3;1 c: d:=0,8.7,114.7
15:35:44,0,1,0 e:=0.21;1 c: d:=0,0 e:=3.3;1 c: d:=0,11.0,115.0
15:35:45,0,1,0 e:=0.26;1 c: d:=0.95,0 e:=4;1 c: d:=0.4,11.4,115.0
15:35:46,0,1,0 e:=1.2;1 c: d:=0.2,0 e:=15.5;1 c: d:=0.1,8.8,103.1
15:35:47,0,1,0 e:=0.24;1 c: d:=0.24,0 e:=3.8;1 c: d:=0.2,10.9,114.6
15:35:48,0,1,0 e:=0.24;1 c: d:=0,0 e:=3.7;1 c: d:=0,11.3,114.9
15:35:49,0,1,0 e:=0.28;1 c: d:=0.45,0 e:=4.3;1 c: d:=0.6,10.9,115.2
15:35:50,0,1,0 e:=0.21;1 c: d:=0,0 e:=3.3;1 c: d:=0,11.0,115.0
15:35:51,0,1,0 e:=0.26;1 c: d:=0.56,0 e:=3.8;1 c: d:=0.3,11.0,114.8
15:35:52,0,1,0 e:=0.98;1 c: d:=0.81,0 e:=14.3;1 c: d:=0.2,9.8,107.6
15:35:53,0,1,0 e:=0.44;1 c: d:=0.69,0 e:=8;1 c: d:=0.2,12.4,114.6
15:35:54,0,1,0 e:=0.21;1 c: d:=0.55,0 e:=2.2;1 c: d:=0.6,12.7,114.3
15:35:55,0,1,0 e:=0.14;1 c: d:=0,0 e:=1.6;1 c: d:=0,10.8,114.8
15:35:57,0,1,0 e:=0.2;1 c: d:=0.2,0 e:=2;1 c: d:=0.1,9.7,112.1
15:35:58,0,1,0 e:=0.2;1 c: d:=1.18,0 e:=2.3;1 c: d:=0.4,11.6,113.2
15:35:59,0,1,0 e:=0.19;1 c: d:=0.24,0 e:=1.9;1 c: d:=0.3,12.7,114.2
15:36:00,0,1,0 e:=0.15;1 c: d:=0.18,0 e:=1.7;1 c: d:=0,10.1,114.5
15:36:01,0,1,0 e:=0.22;1 c: d:=0.16,0 e:=2.4;1 c: d:=0,11.3,114.5
15:36:02,0,1,0 e:=1.7;1 c: d:=0.15,0 e:=15;1 c: d:=0,10.2,108.8
15:36:03,0,1,0 e:=0.34;1 c: d:=1.02,0 e:=3.9;1 c: d:=1,12.5,112.1
15:36:04,0,1,0 e:=0.36;1 c: d:=0.21,0 e:=6.3;1 c: d:=0,18.6,113.3
15:36:05,0,1,0 e:=0.26;1 c: d:=0.17,0 e:=3.8;1 c: d:=0,16.5,113.6
15:36:06,0,1,0 e:=0.34;1 c: d:=0.24,0 e:=6.1;1 c: d:=0,19.1,113.3
15:36:07,0,1,0 e:=0.85;1 c: d:=0.58,0 e:=18.9;1 c: d:=2.4,19.4,113.3
15:36:08,0,1,0 e:=1.17;1 c: d:=0.48,0 e:=15;1 c: d:=0.7,14.5,111.1
15:36:09,0,7,0 e:=0.69;1 c: d:=0.14,0 e:=8.4;1 c: d:=0,15.7,100.5
15:36:10,0,2,0 e:=0.99;1 c: d:=0.79,0 e:=22.2;1 c: d:=0.8,17.1,72.3
15:36:11,0,2,0 e:=0.12;1 c: d:=0.17,0 e:=2.5;1 c: d:=0.1,55.1,110.9
15:36:12,0,2,0 e:=0.23;1 c: d:=0.17,0 e:=11.5;1 c: d:=0.4,95.7,111.0
15:36:13,0,2,0 e:=0.58;1 c: d:=0,0 e:=27.2;1 c: d:=0,98.6,111.0
15:36:14,0,2,0 e:=0.12;1 c: d:=0,0 e:=6.2;1 c: d:=0,95.0,111.0
15:36:15,0,2,0 e:=0.13;1 c: d:=0,0 e:=6.9;1 c: d:=0,97.9,111.0
15:36:17,0,2,0 e:=0.13;1 c: d:=0.6,0 e:=6.9;1 c: d:=0.1,96.3,111.0
15:36:18,0,2,0 e:=2.04;1 c: d:=0.56,0 e:=63.7;1 c: d:=0.2,96.1,111.0
15:36:19,0,2,0 e:=0.12;1 c: d:=0.26,0 e:=6.3;1 c: d:=0.1,97.5,111.0
15:36:20,0,2,0 e:=0.14;1 c: d:=0,0 e:=6.9;1 c: d:=0,94.8,111.0
15:36:21,0,2,0 e:=0.12;1 c: d:=0,0 e:=6.3;1 c: d:=0,97.9,111.0
15:36:22,0,2,0 e:=0.14;1 c: d:=0,0 e:=7.2;1 c: d:=0,96.7,111.0
15:36:24,0,2,0 e:=0.4;1 c: d:=0.17,0 e:=18.2;1 c: d:=0,96.7,111.0
15:36:25,0,2,0 e:=0.12;1 c: d:=0.28,0 e:=6.2;1 c: d:=0.2,97.9,111.0
15:36:26,0,2,0 e:=0.2;1 c: d:=0.24,0 e:=10.1;1 c: d:=5,99.0,111.0
15:36:27,0,2,0 e:=0.13;1 c: d:=0,0 e:=6.8;1 c: d:=0,98.4,111.0
15:36:28,0,2,0 e:=0.42;1 c: d:=0.14,0 e:=19.3;1 c: d:=0.2,96.5,111.0
15:36:29,0,2,0 e:=0.13;1 c: d:=0,0 e:=6.6;1 c: d:=0,97.5,111.0
15:36:31,0,2,0 e:=0.14;1 c: d:=0.19,0 e:=6.4;1 c: d:=0,88.0,111.0
15:36:32,0,2,0 e:=0.12;1 c: d:=0.22,0 e:=3.2;1 c: d:=0.1,66.7,111.2
15:36:33,0,2,0 e:=0.12;1 c: d:=0,0 e:=5.6;1 c: d:=0,99.8,111.0
15:36:34,0,2,0 e:=0.51;1 c: d:=0.14,0 e:=18.6;1 c: d:=0.1,100.0,111.0
15:36:35,0,2,0 e:=0.12;1 c: d:=0,0 e:=5.6;1 c: d:=0,100.0,111.0
15:36:36,0,2,0 e:=0.12;1 c: d:=0.35,0 e:=5.7;1 c: d:=0,99.8,111.0
15:36:37,0,2,0 e:=1.03;1 c: d:=0.29,0 e:=33.5;1 c: d:=0.1,100.0,111.0
15:36:38,0,2,0 e:=0.13;1 c: d:=0,0 e:=6.5;1 c: d:=0,99.6,111.0
15:36:39,0,2,0 e:=0.53;1 c: d:=0.39,0 e:=20.7;1 c: d:=0.2,100.0,111.0
15:36:40,0,2,0 e:=0.12;1 c: d:=0.71,0 e:=5.6;1 c: d:=0.2,100.0,111.0
15:36:41,0,2,0 e:=0.11;1 c: d:=0.2,0 e:=5.4;1 c: d:=0.1,99.8,111.0
15:36:42,0,2,0 e:=0.19;1 c: d:=0.17,0 e:=8.7;1 c: d:=0.2,100.0,111.0
15:36:43,0,2,0 e:=0.34;1 c: d:=0.14,0 e:=13.9;1 c: d:=0,100.0,111.0
15:36:45,0,2,0 e:=0.12;1 c: d:=0.17,0 e:=5.5;1 c: d:=0,100.0,111.0
15:36:46,0,2,0 e:=0.13;1 c: d:=0,0 e:=6.2;1 c: d:=0,99.8,111.0
15:36:47,0,2,0 e:=0.12;1 c: d:=0,0 e:=5.5;1 c: d:=0,100.0,111.0
15:36:48,0,2,0 e:=0.12;1 c: d:=0,0 e:=5.2;1 c: d:=0,100.0,111.0
15:36:49,0,2,0 e:=0.12;1 c: d:=0.16,0 e:=6;1 c: d:=0.1,100.0,111.0
15:36:50,0,2,0 e:=0.66;1 c: d:=0.35,0 e:=22.1;1 c: d:=0.3,100.0,111.0
15:36:51,0,2,0 e:=0.12;1 c: d:=0,0 e:=5.4;1 c: d:=0,99.0,111.0
15:36:52,0,1,0 e:=0.33;1 c: d:=0.41,0 e:=7.4;1 c: d:=0.3,16.3,105.2
15:36:53,0,1,0 e:=0;1 c: d:=0.45,0 e:=0;1 c: d:=0.9,4.2,64.0
15:36:54,0,1,0 e:=0.69;1 c: d:=0,0 e:=0.5;1 c: d:=0,1.4,34.5
15:36:55,0,1,0 e:=2.65;1 c: d:=0.27,0 e:=73.4;1 c: d:=0.2,14.7,35.8
15:36:56,0,1,0 e:=3.33;1 c: d:=0.2,0 e:=188.3;1 c: d:=0.2,17.2,39.6
15:36:57,0,1,0 e:=4.11;1 c: d:=0.22,0 e:=240;1 c: d:=0.2,15.2,24.7
15:36:58,0,1,0 e:=5.45;1 c: d:=0.21,0 e:=323.1;1 c: d:=0.1,15.0,40.2
15:36:59,0,1,0 e:=4.37;1 c: d:=0.19,0 e:=277.5;1 c: d:=0,16.5,77.7
15:37:00,0,1,0 e:=3.95;1 c: d:=0.33,0 e:=192;1 c: d:=0.6,13.4,49.4
15:37:01,0,1,0 e:=3.38;1 c: d:=0.16,0 e:=220.2;1 c: d:=0.1,18.2,60.6
15:37:02,0,1,0 e:=3.54;1 c: d:=0.7,0 e:=215.9;1 c: d:=0.6,14.5,57.9
15:37:04,0,1,0 e:=4.9;1 c: d:=0.18,0 e:=279.1;1 c: d:=0.1,11.7,94.4
15:37:05,0,1,0 e:=5.41;1 c: d:=0.29,0 e:=315.2;1 c: d:=0.1,16.2,52.6
15:37:06,0,1,0 e:=7.22;1 c: d:=0.25,0 e:=294.9;1 c: d:=0.1,13.7,53.4
15:37:07,0,1,0 e:=3.64;1 c: d:=3.87,0 e:=231.7;1 c: d:=4.4,22.7,109.6
15:37:08,0,1,0 e:=3.79;1 c: d:=2.36,0 e:=233.5;1 c: d:=7.3,39.0,111.6
15:37:09,0,1,0 e:=4.06;1 c: d:=0.19,0 e:=237.4;1 c: d:=0,19.2,113.3
15:37:10,0,1,0 e:=4.06;1 c: d:=0.17,0 e:=239.9;1 c: d:=0,14.6,113.2
15:37:11,0,1,0 e:=5.28;1 c: d:=0.16,0 e:=315.2;1 c: d:=0,19.0,113.3
15:37:12,0,1,0 e:=126.45;1 c: d:=0.14,0 e:=652.1;1 c: d:=0.1,14.0,115.0
15:37:13,0,1,0 e:=4.43;1 c: d:=0.16,0 e:=266.5;1 c: d:=0,15.6,113.3
15:37:14,0,1,0 e:=3.84;1 c: d:=0.17,0 e:=240.7;1 c: d:=0.1,18.0,113.0
15:37:15,0,1,0 e:=4.03;1 c: d:=0.19,0 e:=256.8;1 c: d:=0,16.8,113.6
15:37:16,0,1,0 e:=3.85;1 c: d:=0.18,0 e:=245.8;1 c: d:=0.1,15.7,113.2
15:37:17,0,1,0 e:=5.78;1 c: d:=0.19,0 e:=281.2;1 c: d:=1.6,15.3,113.5
15:37:18,0,1,0 e:=3.96;1 c: d:=0.19,0 e:=250.9;1 c: d:=0.1,12.6,112.9
15:37:19,0,1,0 e:=3.91;1 c: d:=0.2,0 e:=241.4;1 c: d:=0.1,19.7,113.2
15:37:20,0,1,0 e:=4.01;1 c: d:=0.2,0 e:=243.3;1 c: d:=0,23.6,113.0
15:37:21,0,1,0 e:=3.97;1 c: d:=0.75,0 e:=255.9;1 c: d:=0.2,22.8,113.2
15:37:22,0,1,0 e:=4.08;1 c: d:=0.15,0 e:=223.5;1 c: d:=0.1,17.8,113.5
15:37:23,0,1,0 e:=4.69;1 c: d:=0,0 e:=265.8;1 c: d:=0,22.7,113.3
15:37:24,0,1,0 e:=3.89;1 c: d:=0,0 e:=246.8;1 c: d:=0,20.5,113.1
15:37:25,0,1,0 e:=4.17;1 c: d:=0.14,0 e:=260.9;1 c: d:=0.2,18.8,113.1
15:37:26,0,1,0 e:=4.37;1 c: d:=0.22,0 e:=276.3;1 c: d:=0.3,21.6,112.9
15:37:27,0,1,0 e:=5.48;1 c: d:=0,0 e:=349.2;1 c: d:=0,19.2,113.4
15:37:28,0,1,0 e:=7.79;1 c: d:=0.17,0 e:=372.9;1 c: d:=0.1,15.8,106.4
15:37:29,0,1,0 e:=5.3;1 c: d:=0.18,0 e:=316.1;1 c: d:=0,11.3,62.6
15:37:30,0,1,0 e:=3.87;1 c: d:=0.16,0 e:=241.4;1 c: d:=0,14.4,56.0
15:37:31,0,1,0 e:=3.74;1 c: d:=0.22,0 e:=226.2;1 c: d:=0.1,19.3,47.2
15:37:32,0,1,0 e:=4.08;1 c: d:=0.21,0 e:=255.7;1 c: d:=0.1,14.6,64.8
15:37:33,0,1,0 e:=3.96;1 c: d:=0.21,0 e:=175.2;1 c: d:=0.3,11.8,63.1
15:37:34,0,1,0 e:=6.53;1 c: d:=0.8,0 e:=343.4;1 c: d:=0.7,17.8,31.5
15:37:35,0,1,0 e:=5.5;1 c: d:=0,0 e:=336.5;1 c: d:=0,15.3,59.3
15:37:36,0,1,0 e:=5.28;1 c: d:=0.2,0 e:=310.7;1 c: d:=0,17.7,47.4
15:37:37,0,1,0 e:=5.58;1 c: d:=0.22,0 e:=312.3;1 c: d:=0,15.7,59.3
15:37:38,0,1,0 e:=7.52;1 c: d:=0.19,0 e:=388.9;1 c: d:=0,17.7,55.2
15:37:39,0,1,0 e:=8.4;1 c: d:=0.19,0 e:=309;1 c: d:=0.1,12.0,65.3
15:37:41,0,1,0 e:=3.75;1 c: d:=0.18,0 e:=230.8;1 c: d:=0.1,15.8,58.0
15:37:42,0,1,0 e:=3.62;1 c: d:=0.48,0 e:=219.5;1 c: d:=0.3,14.8,63.3
15:37:43,0,1,0 e:=3.7;1 c: d:=0.32,0 e:=236.6;1 c: d:=0.4,15.1,55.7
15:37:44,0,1,0 e:=5.35;1 c: d:=0.2,0 e:=316.4;1 c: d:=0.1,15.3,54.8
15:37:45,0,1,0 e:=11.97;1 c: d:=0.21,0 e:=404.1;1 c: d:=0.1,7.9,46.6
15:37:46,0,1,0 e:=3.69;1 c: d:=0.23,0 e:=222.5;1 c: d:=0.1,13.3,60.1
15:37:47,0,1,0 e:=3.72;1 c: d:=0.19,0 e:=221.9;1 c: d:=0.1,11.8,40.0
15:37:48,0,1,0 e:=3.77;1 c: d:=0.13,0 e:=226.7;1 c: d:=0,17.7,48.1
15:37:49,0,1,0 e:=3.67;1 c: d:=0.18,0 e:=222.4;1 c: d:=0.1,17.2,60.8
15:37:50,0,1,0 e:=3.73;1 c: d:=0.18,0 e:=221.2;1 c: d:=0.1,18.4,45.2
15:37:51,0,1,0 e:=8.29;1 c: d:=0.26,0 e:=253.4;1 c: d:=0,11.7,45.0
15:37:52,0,1,0 e:=3.81;1 c: d:=0.32,0 e:=228.2;1 c: d:=0.5,16.6,57.2
15:37:53,0,1,0 e:=5.66;1 c: d:=0.2,0 e:=353.1;1 c: d:=0,14.2,58.1
15:37:54,0,1,0 e:=3.96;1 c: d:=0.32,0 e:=233.4;1 c: d:=0.4,11.5,60.7
15:37:55,0,1,0 e:=3.64;1 c: d:=0.43,0 e:=226;1 c: d:=0.3,18.2,53.3
15:37:56,0,1,0 e:=3.59;1 c: d:=0.23,0 e:=81.8;1 c: d:=0.4,6.5,45.7
15:37:57,0,1,0 e:=8.97;1 c: d:=0.41,0 e:=324.6;1 c: d:=0.1,14.7,50.9
15:37:58,0,1,0 e:=3.83;1 c: d:=0.2,0 e:=225.2;1 c: d:=0.1,17.7,71.9
15:37:59,0,1,0 e:=3.57;1 c: d:=0.16,0 e:=220;1 c: d:=0,19.0,83.0
15:38:00,0,1,0 e:=3.94;1 c: d:=0.26,0 e:=243.9;1 c: d:=1.7,15.7,94.7
15:38:01,0,1,0 e:=5.84;1 c: d:=0.25,0 e:=285.5;1 c: d:=0.1,12.8,54.6
15:38:02,0,1,0 e:=9.15;1 c: d:=0,0 e:=431.5;1 c: d:=0,14.7,64.0
15:38:03,0,1,0 e:=4;1 c: d:=0.18,0 e:=237.9;1 c: d:=0,18.1,86.5
15:38:04,0,1,0 e:=3.66;1 c: d:=0.13,0 e:=240.9;1 c: d:=0.1,23.1,92.9
15:38:05,0,1,0 e:=3.85;1 c: d:=0,0 e:=237.8;1 c: d:=0,26.0,60.7
15:38:06,0,1,0 e:=3.61;1 c: d:=0.11,0 e:=221.6;1 c: d:=0,18.6,73.8
15:38:07,0,1,0 e:=8.66;1 c: d:=0.17,0 e:=319.5;1 c: d:=0.1,11.6,39.0
15:38:08,0,1,0 e:=3.9;1 c: d:=0.16,0 e:=234.8;1 c: d:=0,15.2,65.4
15:38:09,0,1,0 e:=4.74;1 c: d:=0.43,0 e:=306.2;1 c: d:=1.6,16.6,81.1
15:38:10,0,1,0 e:=5.86;1 c: d:=0.19,0 e:=372.5;1 c: d:=0,16.6,100.2
15:38:11,0,1,0 e:=5.01;1 c: d:=0.11,0 e:=296.6;1 c: d:=0.3,19.9,83.3
15:38:12,0,1,0 e:=6.55;1 c: d:=0.18,0 e:=272.3;1 c: d:=0.1,12.6,56.6
15:38:13,0,1,0 e:=9.19;1 c: d:=0.56,0 e:=276.2;1 c: d:=0.1,8.4,47.9
15:38:14,0,1,0 e:=3.69;1 c: d:=0.22,0 e:=237.7;1 c: d:=0,20.7,72.9
15:38:15,0,1,0 e:=3.66;1 c: d:=0.17,0 e:=235.7;1 c: d:=0.1,20.1,82.1
15:38:17,0,1,0 e:=3.69;1 c: d:=0.73,0 e:=222.9;1 c: d:=0.4,20.2,79.1
15:38:18,0,1,0 e:=3.7;1 c: d:=0.23,0 e:=234.6;1 c: d:=0.1,17.7,88.3
15:38:19,0,1,0 e:=5.09;1 c: d:=0.18,0 e:=307.1;1 c: d:=0.1,16.5,67.6
15:38:20,0,1,0 e:=3.71;1 c: d:=0.18,0 e:=222.3;1 c: d:=0,17.3,69.6
15:38:21,0,1,0 e:=3.59;1 c: d:=0.53,0 e:=227.5;1 c: d:=0.3,18.2,61.1
15:38:22,0,1,0 e:=3.86;1 c: d:=0.17,0 e:=233.9;1 c: d:=0,18.5,83.5
15:38:23,0,1,0 e:=4.62;1 c: d:=0.17,0 e:=271.9;1 c: d:=0.1,18.1,75.3
15:38:24,0,1,0 e:=11.17;1 c: d:=0.21,0 e:=432.1;1 c: d:=0.1,14.5,85.5
15:38:25,0,1,0 e:=3.87;1 c: d:=0.2,0 e:=225;1 c: d:=0,21.1,75.8
15:38:26,0,1,0 e:=3.81;1 c: d:=0.26,0 e:=224.1;1 c: d:=1.4,14.8,81.6
15:38:27,0,1,0 e:=3.5;1 c: d:=0.2,0 e:=212.9;1 c: d:=0.1,18.4,101.6
15:38:28,0,1,0 e:=3.35;1 c: d:=0.12,0 e:=206.8;1 c: d:=0,26.4,101.4
15:38:29,0,1,0 e:=3.46;1 c: d:=0.42,0 e:=198;1 c: d:=0.2,20.5,77.5
15:38:30,0,1,0 e:=216.04;1 c: d:=0,0 e:=193.3;1 c: d:=0,3.9,27.8
15:38:31,0,1,0 e:=5.89;1 c: d:=0,0 e:=170.7;1 c: d:=0,9.9,71.1
15:38:32,0,1,0 e:=2.92;1 c: d:=0.2,0 e:=170.6;1 c: d:=0,14.2,61.3
15:38:33,0,1,0 e:=2.17;1 c: d:=0.16,0 e:=128;1 c: d:=0,12.7,87.0
15:38:34,0,1,0 e:=2.27;1 c: d:=0.22,0 e:=134.7;1 c: d:=0,10.1,56.5
15:38:35,0,1,0 e:=5.14;1 c: d:=0.82,0 e:=134;1 c: d:=0.7,9.8,65.3
15:38:36,0,1,0 e:=2.5;1 c: d:=0,0 e:=142.4;1 c: d:=0,11.7,50.6
15:38:37,0,1,0 e:=1.79;1 c: d:=0.47,0 e:=104;1 c: d:=11.6,14.6,105.2
15:38:38,0,1,0 e:=1.16;1 c: d:=0,0 e:=65.8;1 c: d:=0,12.4,91.4
15:38:39,0,1,0 e:=1.34;1 c: d:=0,0 e:=76.1;1 c: d:=0,3.7,92.0
15:38:40,0,1,0 e:=0.77;1 c: d:=1.41,0 e:=36.6;1 c: d:=1,5.8,104.8
15:38:41,0,0,0 e:=0.85;1 c: d:=0.16,0 e:=21.5;1 c: d:=0.1,10.0,76.7
15:38:42,0,0,0 e:=31.93;1 c: d:=0.19,0 e:=86.1;1 c: d:=0.1,8.2,72.8
15:38:43,0,0,0 e:=13.06;1 c: d:=0.33,0 e:=46.8;1 c: d:=1.8,11.7,68.5
15:38:44,0,0,0 e:=13.15;1 c: d:=0.2,0 e:=19.5;1 c: d:=0,14.6,103.7
