label,test,run,ops_s,verdict,batches,mean_window_us,mean_snapshot_us,mean_fsync_us,mean_coord_us,resources
tgt0pct_floor50,hundred_writers_throughput,run1,13309,FAIL,1761,148.1,31.7,3991.3,94.2,cpu_s=17.7,wall_s=8.4,rss_mb=6,threads=105,handles=159,disk_busy_avg=10.67,wlat_ms_avg=0.24,wlat_ms_max=0.41,qlen_avg=0.11
tgt0pct_floor50,hundred_writers_throughput,run2,13157,FAIL,1766,151.0,33.4,4018.6,99.0,cpu_s=18.5,wall_s=9.1,rss_mb=10,threads=105,handles=160,disk_busy_avg=13.84,wlat_ms_avg=0.31,wlat_ms_max=0.86,qlen_avg=0.14
tgt0pct_floor50,hundred_writers_throughput,run3,13541,FAIL,1779,148.0,29.7,3892.6,79.7,cpu_s=13.8,wall_s=8.1,rss_mb=6,threads=105,handles=160,disk_busy_avg=12.67,wlat_ms_avg=0.28,wlat_ms_max=0.86,qlen_avg=0.13
tgt0pct_floor50,thousand_writers_throughput,run1,87534,PASS,2446,119.6,26.4,4396.7,126.2,cpu_s=83,wall_s=17.2,rss_mb=84,threads=1005,handles=1061,disk_busy_avg=10.62,wlat_ms_avg=0.28,wlat_ms_max=0.8,qlen_avg=0.11
tgt0pct_floor50,thousand_writers_throughput,run2,87509,PASS,2431,125.6,28.8,4424.7,120.1,cpu_s=81.5,wall_s=17.2,rss_mb=83,threads=1005,handles=1061,disk_busy_avg=11.8,wlat_ms_avg=0.3,wlat_ms_max=1.51,qlen_avg=0.12
tgt0pct_floor50,thousand_writers_throughput,run3,79488,FAIL,2464,124.9,22.9,4834.7,122.3,cpu_s=85.6,wall_s=18.2,rss_mb=82,threads=1005,handles=1061,disk_busy_avg=13.55,wlat_ms_avg=0.96,wlat_ms_max=5.51,qlen_avg=0.14
tgt0pct_floor100,hundred_writers_throughput,run1,14476,FAIL,1567,204.6,29.0,4066.1,107.1,cpu_s=14.8,wall_s=8.1,rss_mb=6,threads=105,handles=160,disk_busy_avg=17.68,wlat_ms_avg=0.4,wlat_ms_max=0.99,qlen_avg=0.18
tgt0pct_floor100,hundred_writers_throughput,run2,13897,FAIL,1545,207.0,33.9,4305.2,109.8,cpu_s=16.1,wall_s=8.1,rss_mb=6,threads=105,handles=160,disk_busy_avg=19.94,wlat_ms_avg=0.47,wlat_ms_max=1.1,qlen_avg=0.2
tgt0pct_floor100,hundred_writers_throughput,run3,14178,FAIL,1591,207.6,28.1,4090.6,105.4,cpu_s=15,wall_s=8.1,rss_mb=6,threads=105,handles=160,disk_busy_avg=12.24,wlat_ms_avg=0.29,wlat_ms_max=0.57,qlen_avg=0.12
tgt0pct_floor100,thousand_writers_throughput,run1,86334,PASS,2387,183.4,33.2,4503.3,130.3,cpu_s=84.8,wall_s=17.2,rss_mb=81,threads=1005,handles=1061,disk_busy_avg=13.5,wlat_ms_avg=0.33,wlat_ms_max=1.7,qlen_avg=0.14
tgt0pct_floor100,thousand_writers_throughput,run2,85807,PASS,2378,184.2,33.1,4555.7,126.6,cpu_s=83.1,wall_s=17.2,rss_mb=80,threads=1005,handles=1061,disk_busy_avg=13.63,wlat_ms_avg=0.43,wlat_ms_max=2.12,qlen_avg=0.14
tgt0pct_floor100,thousand_writers_throughput,run3,87104,PASS,2374,187.1,26.6,4493.9,126.4,cpu_s=84.1,wall_s=17.2,rss_mb=83,threads=1005,handles=1061,disk_busy_avg=14.65,wlat_ms_avg=0.51,wlat_ms_max=2.21,qlen_avg=0.15
tgt50pct_floor50,hundred_writers_throughput,run1,15533,PASS,1409,277.8,35.0,4135.3,119.4,cpu_s=17.4,wall_s=8.1,rss_mb=13,threads=105,handles=160,disk_busy_avg=15.36,wlat_ms_avg=0.39,wlat_ms_max=1.09,qlen_avg=0.15
tgt50pct_floor50,hundred_writers_throughput,run2,14614,FAIL,1427,276.4,36.7,4359.9,120.3,cpu_s=17.2,wall_s=8.1,rss_mb=6,threads=105,handles=160,disk_busy_avg=19.48,wlat_ms_avg=0.49,wlat_ms_max=1.43,qlen_avg=0.19
tgt50pct_floor50,hundred_writers_throughput,run3,14473,FAIL,1387,272.3,41.3,4547.5,118.7,cpu_s=14.8,wall_s=8.1,rss_mb=6,threads=105,handles=160,disk_busy_avg=19.03,wlat_ms_avg=0.56,wlat_ms_max=2.31,qlen_avg=0.19
tgt50pct_floor50,thousand_writers_throughput,run1,91605,PASS,2029,581.8,29.6,4631.1,136.8,cpu_s=79.8,wall_s=16.2,rss_mb=75,threads=1005,handles=1061,disk_busy_avg=12.95,wlat_ms_avg=0.76,wlat_ms_max=3.32,qlen_avg=0.13
tgt50pct_floor50,thousand_writers_throughput,run2,92584,PASS,2048,568.5,23.6,4563.7,116.5,cpu_s=78.2,wall_s=16.2,rss_mb=78,threads=1005,handles=1061,disk_busy_avg=10.01,wlat_ms_avg=0.53,wlat_ms_max=2.58,qlen_avg=0.1
tgt50pct_floor50,thousand_writers_throughput,run3,92644,PASS,2057,560.9,28.3,4534.0,123.1,cpu_s=79.7,wall_s=16.2,rss_mb=77,threads=1005,handles=1061,disk_busy_avg=7.76,wlat_ms_avg=0.55,wlat_ms_max=2.71,qlen_avg=0.08
tgt50pct_floor100,hundred_writers_throughput,run1,14755,FAIL,1412,293.6,36.7,4348.6,118.8,cpu_s=17.6,wall_s=8.1,rss_mb=7,threads=105,handles=160,disk_busy_avg=20.48,wlat_ms_avg=0.66,wlat_ms_max=1.41,qlen_avg=0.2
tgt50pct_floor100,hundred_writers_throughput,run2,15341,PASS,1392,304.4,40.9,4212.0,123.6,cpu_s=15.9,wall_s=8.1,rss_mb=11,threads=105,handles=160,disk_busy_avg=14.72,wlat_ms_avg=0.37,wlat_ms_max=0.92,qlen_avg=0.15
tgt50pct_floor100,hundred_writers_throughput,run3,15131,PASS,1383,297.8,42.3,4320.2,116.7,cpu_s=18.4,wall_s=8.1,rss_mb=9,threads=105,handles=160,disk_busy_avg=16.38,wlat_ms_avg=0.41,wlat_ms_max=1.42,qlen_avg=0.16
tgt50pct_floor100,thousand_writers_throughput,run1,87191,PASS,2037,597.6,25.7,4872.6,133.2,cpu_s=79.4,wall_s=17.2,rss_mb=85,threads=1005,handles=1060,disk_busy_avg=14.09,wlat_ms_avg=0.48,wlat_ms_max=1.56,qlen_avg=0.14
tgt50pct_floor100,thousand_writers_throughput,run2,91398,PASS,2039,624.1,28.8,4578.3,133.3,cpu_s=80.1,wall_s=16.2,rss_mb=76,threads=1005,handles=1061,disk_busy_avg=22.7,wlat_ms_avg=0.76,wlat_ms_max=7.21,qlen_avg=0.23
tgt50pct_floor100,thousand_writers_throughput,run3,93201,PASS,2017,617.5,28.0,4545.5,127.1,cpu_s=76.3,wall_s=16.2,rss_mb=79,threads=1005,handles=1061,disk_busy_avg=10.21,wlat_ms_avg=0.48,wlat_ms_max=2.49,qlen_avg=0.1
tgt75pct_floor50,hundred_writers_throughput,run1,15514,PASS,1386,317.4,35.0,4170.8,125.3,cpu_s=17.7,wall_s=8.1,rss_mb=12,threads=105,handles=160,disk_busy_avg=16.1,wlat_ms_avg=0.4,wlat_ms_max=0.88,qlen_avg=0.16
tgt75pct_floor50,hundred_writers_throughput,run2,15351,PASS,1398,320.1,29.2,4187.1,121.3,cpu_s=16.4,wall_s=8.1,rss_mb=11,threads=105,handles=160,disk_busy_avg=7.86,wlat_ms_avg=0.22,wlat_ms_max=0.35,qlen_avg=0.08
tgt75pct_floor50,hundred_writers_throughput,run3,15286,PASS,1392,318.3,35.2,4220.7,123.5,cpu_s=15.4,wall_s=8.1,rss_mb=9,threads=105,handles=160,disk_busy_avg=17.57,wlat_ms_avg=0.45,wlat_ms_max=1.51,qlen_avg=0.18
tgt75pct_floor50,thousand_writers_throughput,run1,87556,PASS,1762,1265.1,36.3,5064.8,113.9,cpu_s=74.4,wall_s=17.2,rss_mb=85,threads=1005,handles=1061,disk_busy_avg=12.79,wlat_ms_avg=0.8,wlat_ms_max=7.21,qlen_avg=0.13
tgt75pct_floor50,thousand_writers_throughput,run2,92960,PASS,1797,1199.5,34.1,4621.0,130.3,cpu_s=74.2,wall_s=16.2,rss_mb=79,threads=1005,handles=1061,disk_busy_avg=7.27,wlat_ms_avg=0.52,wlat_ms_max=2.23,qlen_avg=0.07
tgt75pct_floor50,thousand_writers_throughput,run3,94467,PASS,1769,1214.3,31.9,4601.5,135.0,cpu_s=74.8,wall_s=16.3,rss_mb=82,threads=1005,handles=1061,disk_busy_avg=10.87,wlat_ms_avg=0.34,wlat_ms_max=0.77,qlen_avg=0.11
tgt75pct_floor100,hundred_writers_throughput,run1,15311,PASS,1409,319.7,35.7,4162.2,115.7,cpu_s=15.2,wall_s=8.1,rss_mb=11,threads=105,handles=161,disk_busy_avg=15.13,wlat_ms_avg=0.4,wlat_ms_max=0.93,qlen_avg=0.15
tgt75pct_floor100,hundred_writers_throughput,run2,14751,FAIL,1447,328.7,34.3,4198.9,121.1,cpu_s=18.2,wall_s=8.1,rss_mb=7,threads=105,handles=160,disk_busy_avg=17.52,wlat_ms_avg=0.43,wlat_ms_max=1.02,qlen_avg=0.18
tgt75pct_floor100,hundred_writers_throughput,run3,15052,PASS,1419,313.4,37.1,4206.6,122.8,cpu_s=16.1,wall_s=8.1,rss_mb=10,threads=105,handles=160,disk_busy_avg=17.47,wlat_ms_avg=1.19,wlat_ms_max=6.55,qlen_avg=0.17
tgt75pct_floor100,thousand_writers_throughput,run1,93957,PASS,1770,1290.3,39.8,4559.5,121.5,cpu_s=74.8,wall_s=16.2,rss_mb=81,threads=1005,handles=1061,disk_busy_avg=9.19,wlat_ms_avg=0.29,wlat_ms_max=0.73,qlen_avg=0.09
tgt75pct_floor100,thousand_writers_throughput,run2,88358,PASS,1755,1285.9,48.4,4997.1,116.0,cpu_s=72.2,wall_s=17.2,rss_mb=86,threads=1005,handles=1060,disk_busy_avg=16.28,wlat_ms_avg=0.73,wlat_ms_max=5.22,qlen_avg=0.16
tgt75pct_floor100,thousand_writers_throughput,run3,93073,PASS,1742,1366.3,52.6,4630.5,116.1,cpu_s=72.9,wall_s=16.2,rss_mb=79,threads=1005,handles=1060,disk_busy_avg=9.39,wlat_ms_avg=0.36,wlat_ms_max=1.23,qlen_avg=0.09
tgt75pct_floor200,hundred_writers_throughput,run1,14304,FAIL,1526,359.8,32.7,4079.0,108.1,cpu_s=19.5,wall_s=8.1,rss_mb=6,threads=105,handles=160,disk_busy_avg=16.14,wlat_ms_avg=0.57,wlat_ms_max=1.99,qlen_avg=0.16
tgt75pct_floor200,hundred_writers_throughput,run2,14380,FAIL,1487,372.4,30.1,4157.3,114.6,cpu_s=18.5,wall_s=8.1,rss_mb=6,threads=105,handles=160,disk_busy_avg=14.62,wlat_ms_avg=0.36,wlat_ms_max=0.84,qlen_avg=0.15
tgt75pct_floor200,hundred_writers_throughput,run3,14349,FAIL,1480,364.8,34.2,4199.4,108.0,cpu_s=16.9,wall_s=8.1,rss_mb=6,threads=105,handles=160,disk_busy_avg=11.75,wlat_ms_avg=0.3,wlat_ms_max=0.68,qlen_avg=0.12
tgt75pct_floor200,thousand_writers_throughput,run1,89295,PASS,1736,1357.3,66.6,4904.8,117.4,cpu_s=72,wall_s=17.2,rss_mb=89,threads=1005,handles=1060,disk_busy_avg=13.85,wlat_ms_avg=0.83,wlat_ms_max=6.96,qlen_avg=0.14
tgt75pct_floor200,thousand_writers_throughput,run2,90254,PASS,1756,1339.6,88.3,4741.4,138.4,cpu_s=76.8,wall_s=16.3,rss_mb=76,threads=1005,handles=1061,disk_busy_avg=7.99,wlat_ms_avg=0.75,wlat_ms_max=3.26,qlen_avg=0.08
tgt75pct_floor200,thousand_writers_throughput,run3,92821,PASS,1749,1386.1,70.4,4596.2,105.9,cpu_s=71.7,wall_s=16.2,rss_mb=80,threads=1005,handles=1060,disk_busy_avg=9.67,wlat_ms_avg=0.44,wlat_ms_max=1.8,qlen_avg=0.1
tgt100pct_floor100,hundred_writers_throughput,run1,14815,FAIL,1449,338.9,38.8,4159.8,119.2,cpu_s=17.6,wall_s=8.1,rss_mb=8,threads=105,handles=160,disk_busy_avg=14.37,wlat_ms_avg=0.39,wlat_ms_max=0.72,qlen_avg=0.14
tgt100pct_floor100,hundred_writers_throughput,run2,14813,FAIL,1436,359.3,37.5,4181.5,121.1,cpu_s=18.1,wall_s=8.1,rss_mb=8,threads=105,handles=160,disk_busy_avg=12,wlat_ms_avg=0.31,wlat_ms_max=0.66,qlen_avg=0.12
tgt100pct_floor100,hundred_writers_throughput,run3,14899,FAIL,1420,353.5,35.6,4212.3,123.3,cpu_s=16.2,wall_s=8.1,rss_mb=8,threads=105,handles=160,disk_busy_avg=8.13,wlat_ms_avg=0.23,wlat_ms_max=0.36,qlen_avg=0.08
tgt100pct_floor100,thousand_writers_throughput,run1,93072,PASS,1702,1615.5,34.5,4524.3,136.3,cpu_s=69.1,wall_s=16.2,rss_mb=80,threads=1005,handles=1060,disk_busy_avg=8.09,wlat_ms_avg=0.29,wlat_ms_max=0.56,qlen_avg=0.08
tgt100pct_floor100,thousand_writers_throughput,run2,86041,PASS,1723,1603.9,53.7,4970.2,114.9,cpu_s=72.6,wall_s=17.2,rss_mb=82,threads=1005,handles=1060,disk_busy_avg=22.02,wlat_ms_avg=1.11,wlat_ms_max=13.38,qlen_avg=0.22
tgt100pct_floor100,thousand_writers_throughput,run3,88968,PASS,1696,1836.9,50.4,4612.8,125.7,cpu_s=75.1,wall_s=17.2,rss_mb=87,threads=1005,handles=1060,disk_busy_avg=11,wlat_ms_avg=0.4,wlat_ms_max=1.34,qlen_avg=0.11
tgt100pct_floor200,hundred_writers_throughput,run1,15400,PASS,1394,402.6,39.9,4113.2,100.7,cpu_s=16.8,wall_s=8.1,rss_mb=12,threads=105,handles=160,disk_busy_avg=14.3,wlat_ms_avg=0.41,wlat_ms_max=0.85,qlen_avg=0.14
tgt100pct_floor200,hundred_writers_throughput,run2,14629,FAIL,1451,391.2,33.2,4180.7,104.3,cpu_s=15.7,wall_s=8.1,rss_mb=6,threads=105,handles=160,disk_busy_avg=13.4,wlat_ms_avg=0.33,wlat_ms_max=0.98,qlen_avg=0.13
tgt100pct_floor200,hundred_writers_throughput,run3,15001,PASS,1423,402.4,35.2,4140.9,104.8,cpu_s=13.8,wall_s=8.1,rss_mb=8,threads=105,handles=160,disk_busy_avg=11.35,wlat_ms_avg=0.31,wlat_ms_max=0.58,qlen_avg=0.11
tgt100pct_floor200,thousand_writers_throughput,run1,87689,PASS,1709,1549.0,64.1,4943.4,114.3,cpu_s=70.1,wall_s=17.3,rss_mb=85,threads=1005,handles=1061,disk_busy_avg=13.27,wlat_ms_avg=0.58,wlat_ms_max=4.08,qlen_avg=0.13
tgt100pct_floor200,thousand_writers_throughput,run2,90122,PASS,1702,1688.5,77.0,4622.1,130.6,cpu_s=74,wall_s=17.2,rss_mb=74,threads=1005,handles=1060,disk_busy_avg=8.7,wlat_ms_avg=0.42,wlat_ms_max=1.38,qlen_avg=0.09
tgt100pct_floor200,thousand_writers_throughput,run3,90604,PASS,1716,1658.8,64.5,4579.0,124.6,cpu_s=73.1,wall_s=17.2,rss_mb=73,threads=1005,handles=1060,disk_busy_avg=10.98,wlat_ms_avg=0.41,wlat_ms_max=1.02,qlen_avg=0.11
