t_s,wal_mb,segments
0,19,3
30,23,3
61,22,3
91,25,4
121,21,3
151,23,3
182,19,3
212,23,3
242,18,3
272,22,3
303,26,4
333,24,3
363,19,3
393,25,4
423,22,3
454,28,4
484,24,3
514,29,4
544,25,4
575,29,4
605,26,4
635,22,3
665,27,4
695,29,4
726,26,4
756,26,4
786,30,4
816,23,3
847,26,4
877,27,4
907,31,4
937,40,5
968,25,4
998,28,4
1028,29,4
1059,32,4
1089,25,4
1119,28,4
1149,30,4
1179,32,4
1210,27,4
1240,30,4
1270,33,5
1300,35,5
1330,30,4
1361,32,4
1391,19,3
1421,21,3
1451,16,2
1481,17,3
1511,19,3
1542,19,3
1572,20,3
1602,16,2
1633,18,3
1663,21,3
1693,23,3
1723,32,4
1753,23,3
1784,24,3
1814,18,3
1844,20,3
1874,21,3
1905,24,3
1935,17,3
1965,19,3
1995,20,3
2025,22,3
2055,23,3
2086,24,3
2116,18,3
2146,20,3
2176,23,3
2207,25,4
2237,24,3
2267,27,4
2297,22,3
2327,23,3
EXITED
