t_s,ops_s,p50_ms,p95_ms,p99_ms,max_ms,wal_mb,segments,highest_seq,durable_through,rec_per_sync
10,0,0.00,0.00,0.00,0.0,15.9,2,120630,120566,63.2
20,12890,4.84,7.55,13.36,193.8,13.5,2,228207,228143,62.2
30,13095,4.98,7.37,13.32,342.0,20.6,3,344707,344643,62.1
40,13095,5.03,7.20,12.69,143.9,19.1,3,459956,459933,62.0
50,13080,5.05,8.23,12.71,112.7,17.8,3,576420,576414,61.6
60,13089,5.01,7.32,13.05,140.8,16.9,3,695632,695631,62.1
70,12861,4.96,6.68,12.60,191.0,16.1,2,815283,815219,62.2
80,13080,5.07,7.02,12.90,182.2,14.3,2,927270,927206,62.2
90,0,0.00,0.00,0.00,0.0,26.5,4,1018133,1018069,61.9
100,13096,5.16,9.30,13.55,1425.8,16.2,2,1129443,1129379,61.2
110,13095,5.29,10.44,13.06,47.1,15.1,2,1246266,1246260,62.6
121,13082,5.16,8.01,12.90,230.4,20.8,3,1351329,1351324,60.8
131,13088,5.48,10.83,13.34,126.1,17.9,3,1455435,1455434,59.7
141,0,0.00,0.00,0.00,0.0,15.8,2,1564644,1564637,61.5
151,13089,5.33,10.61,13.44,145.7,13.8,2,1675556,1675492,61.9
161,13084,5.25,9.68,13.03,200.8,20.2,3,1785395,1785331,61.6
171,13090,5.25,9.07,12.95,362.2,17.3,3,1889243,1889179,61.3
181,13090,5.30,9.91,12.61,132.4,14.9,2,1996964,1996900,61.0
191,13080,5.15,7.56,12.82,176.0,13.5,2,2111735,2111671,63.1
201,4502,5.07,6.61,12.65,172.8,20.5,3,2226729,2226665,63.0
211,8597,5.07,6.63,12.62,172.8,18.2,3,2334964,2334900,60.4
221,13089,5.36,10.72,13.02,114.2,16.2,2,2444924,2444923,61.3
231,13083,5.25,9.05,12.89,180.2,21.7,3,2549164,2549141,61.4
241,13086,5.16,8.51,14.54,240.7,20.3,3,2664198,2664134,62.3
251,13094,5.21,9.64,12.71,152.2,17.9,3,2771124,2771060,60.4
261,3476,5.07,7.43,12.76,619.3,15.8,2,2881015,2880951,62.6
271,9616,5.06,7.45,12.81,619.2,13.6,2,2990085,2990057,61.3
281,13085,5.19,8.99,13.05,195.3,21.2,3,3109695,3109631,62.7
291,12882,5.00,6.52,12.55,149.2,20.3,3,3228312,3228248,62.7
301,13098,5.10,7.38,12.56,116.2,18.7,3,3341259,3341251,61.8
311,13080,5.14,8.88,13.48,221.9,15.7,2,3444027,3444020,60.7
321,13086,5.10,8.87,12.73,221.9,14.5,2,3560679,3560615,61.8
331,13100,4.83,7.77,12.32,192.2,14.1,2,3682848,3682784,61.8
341,3889,4.89,7.63,12.63,266.2,21.1,3,3797945,3797881,62.0
351,9211,4.89,7.43,12.70,266.3,20.0,3,3915352,3915351,61.9
361,13090,5.01,7.95,13.00,111.4,18.2,3,4026729,4026718,61.5
371,13090,5.24,9.32,12.99,149.7,15.5,2,4132202,4132138,61.3
381,13099,5.18,8.04,12.78,378.9,14.1,2,4247236,4247172,62.2
391,13082,5.16,8.29,13.05,146.9,21.1,3,4361899,4361835,61.7
401,13094,5.28,9.62,12.97,146.4,18.8,3,4470212,4470210,60.6
411,4703,5.12,7.61,12.87,189.6,17.2,3,4583773,4583711,62.2
421,8389,5.10,8.11,12.80,189.5,15.2,2,4693899,4693835,60.7
431,13097,5.29,9.33,13.34,166.2,21.7,3,4805198,4805134,61.3
441,13095,5.25,8.54,12.88,194.8,19.6,3,4915151,4915087,61.2
451,13095,5.25,8.06,12.48,99.8,16.8,2,5019107,5019043,61.5
461,13094,5.30,10.06,15.17,188.5,15.2,2,5132803,5132739,61.7
471,6736,5.22,8.47,12.74,188.9,21.5,3,5242556,5242539,61.3
481,6342,5.21,9.07,12.80,190.6,19.1,3,5350113,5350112,60.2
491,13086,5.39,10.57,12.85,131.0,16.5,2,5455828,5455764,61.1
501,13097,5.13,8.92,12.76,763.9,14.4,2,5565502,5565438,61.1
511,13094,5.21,8.12,12.63,145.0,21.3,3,5679449,5679385,62.0
521,12869,5.19,9.49,17.89,305.5,18.6,3,5784670,5784606,62.2
531,6141,5.18,7.63,12.81,191.3,16.5,2,5894363,5894299,61.7
541,6959,5.20,8.90,12.90,191.2,14.6,2,6005829,6005765,61.9
551,13092,5.18,7.51,12.70,175.3,20.6,3,6112983,6112919,61.1
561,13099,5.41,10.85,13.12,205.6,18.3,3,6221398,6221334,61.1
571,13087,5.34,10.68,12.86,97.8,16.3,2,6331925,6331861,61.1
581,13101,5.22,9.19,13.07,258.9,13.9,2,6438617,6438553,62.2
591,6333,5.09,8.04,12.63,258.9,20.7,3,6551701,6551637,61.8
601,6755,5.09,7.77,12.74,152.3,19.1,3,6664245,6664181,62.2
FINAL highest_seq=6664309 durable_through=6664309 sync_successes=108080 records_total=6664309
