t_s,rss_mb,threads,handles,cpu_s
0,5.1,68,115,0.0
10,6.2,68,114,6.0
20,7.5,68,115,14.5
30,7.5,65,115,22.2
40,7.6,65,114,31.4
50,7.6,65,115,39.6
60,7.6,65,115,46.9
70,7.7,65,115,52.7
80,7.6,65,114,61.4
90,6.6,65,115,71.0
100,7.6,65,115,83.4
110,7.6,65,115,91.2
120,7.7,65,115,104.6
130,7.7,65,115,120.3
140,6.7,65,115,131.5
150,7.5,65,115,141.7
160,7.8,65,115,155.3
170,7.8,65,114,166.8
180,7.8,65,115,179.4
190,7.8,65,115,188.2
200,6.7,65,115,196.4
210,7.5,65,115,208.9
220,7.8,65,115,219.9
230,7.9,65,115,232.8
240,7.9,65,115,240.3
250,7.9,65,115,254.0
260,6.8,65,115,261.9
270,7.7,65,115,273.6
280,7.9,65,115,281.4
290,8.0,65,115,289.0
300,8.0,67,115,295.6
310,8.0,67,115,306.2
320,7.9,67,115,314.5
331,7.9,67,115,320.5
341,6.9,67,115,327.9
351,7.8,67,115,334.1
361,8.0,67,115,343.6
371,8.0,67,115,353.7
381,8.0,67,115,361.9
391,8.0,67,115,370.3
401,8.0,67,115,378.4
411,7.0,65,115,386.7
421,7.6,65,115,397.4
431,8.0,65,115,408.7
441,7.9,65,115,418.5
451,7.9,65,115,426.9
461,7.9,65,115,435.2
471,7.4,65,115,443.7
481,7.3,65,115,455.1
491,8.0,65,115,463.7
501,7.8,65,115,474.6
511,8.0,65,115,484.0
521,8.0,65,115,492.7
531,7.1,65,115,505.7
541,7.5,65,115,515.0
551,8.0,65,115,527.0
561,8.0,65,115,539.8
571,8.0,65,115,553.7
581,7.9,65,114,563.5
591,7.2,65,115,574.0
601,7.5,66,115,583.3
EXITED
