t_s,ops_s,p50_ms,p95_ms,p99_ms,max_ms,wal_mb,segments,highest_seq,durable_through
10,0,0.00,0.00,0.00,0.0,0.0,0,115057,114993
20,13102,5.21,6.84,12.52,65.2,0.0,0,226781,226717
30,13096,5.57,7.05,12.71,70.7,0.0,0,340154,340090
40,13097,5.11,6.69,12.36,183.9,0.0,0,446458,446394
50,13095,4.88,6.58,14.59,878.4,0.0,0,562291,562227
60,13096,4.93,6.46,12.31,68.2,0.0,0,679772,679708
70,13088,5.22,6.88,13.30,226.6,0.0,0,791324,791260
80,0,0.00,0.00,0.00,0.0,0.0,0,905883,905819
90,13098,5.19,6.87,12.29,128.3,0.0,0,1028507,1028443
100,13095,4.77,6.13,12.30,261.9,0.0,0,1149727,1149663
110,13094,4.72,6.23,12.23,170.9,0.0,0,1270047,1269983
120,13095,4.91,6.61,12.68,140.9,0.0,0,1386558,1386494
130,13091,5.26,6.96,12.93,235.6,0.0,0,1495792,1495728
140,13096,5.33,7.04,13.45,181.4,0.0,0,1608189,1608125
150,13097,5.09,6.68,12.76,191.7,0.0,0,1722033,1721969
160,13100,5.14,6.74,13.18,147.6,0.0,0,1837136,1837072
170,0,0.00,0.00,0.00,0.0,0.0,0,1947505,1947441
180,13101,5.34,7.02,13.06,203.0,0.0,0,2053219,2053155
190,13088,5.31,6.91,14.36,257.5,0.0,0,2165261,2165197
200,13099,5.49,7.05,13.23,141.9,0.0,0,2278988,2278924
210,13093,5.08,6.74,12.94,96.4,0.0,0,2395249,2395185
220,13101,4.98,6.32,12.67,235.0,0.0,0,2513618,2513554
230,0,0.00,0.00,0.00,0.0,0.0,0,2620880,2620816
241,12743,4.98,6.64,12.56,1437.3,0.0,0,2738583,2738519
251,13081,5.03,6.71,12.59,139.9,0.0,0,2856823,2856759
261,13099,4.99,6.61,13.24,178.6,0.0,0,2965062,2964998
271,13085,5.45,7.07,13.30,137.6,0.0,0,3079750,3079686
281,13098,5.27,6.86,12.82,140.9,0.0,0,3192582,3192518
291,13089,5.17,6.66,12.90,139.3,0.0,0,3303813,3303749
301,13094,5.20,6.86,13.08,197.3,0.0,0,3413629,3413565
311,0,0.00,0.00,0.00,0.0,0.0,0,3531212,3531148
321,13100,5.11,6.74,12.88,145.1,0.0,0,3643051,3642987
331,13096,5.36,6.82,12.47,148.9,0.0,0,3758037,3757973
341,13088,5.05,6.57,12.57,230.0,0.0,0,3866727,3866663
351,13099,5.12,6.88,14.77,212.7,0.0,0,3982694,3982630
361,13089,4.98,6.38,12.54,194.4,0.0,0,4107237,4107173
371,13098,5.01,6.53,12.27,739.0,0.0,0,4214889,4214825
381,13100,4.99,6.59,12.66,139.7,0.0,0,4334316,4334252
391,0,0.00,0.00,0.00,0.0,0.0,0,4453277,4453213
401,13096,5.03,6.58,12.41,220.1,0.0,0,4571526,4571462
411,12593,4.99,6.48,12.75,750.0,0.0,0,4682190,4682126
421,13094,5.12,6.81,12.50,126.4,0.0,0,4798698,4798634
431,13091,5.07,6.78,12.68,208.8,0.0,0,4917247,4917183
441,13101,4.91,6.18,12.84,165.7,0.0,0,5039263,5039199
451,13100,4.88,6.17,11.95,148.1,0.0,0,5160306,5160242
461,13097,4.91,6.32,13.51,142.2,0.0,0,5281150,5281086
471,13098,5.11,6.83,13.25,613.4,0.0,0,5386017,5385953
481,13100,4.86,6.42,12.13,204.7,0.0,0,5508049,5507985
491,0,0.00,0.00,0.00,0.0,0.0,0,5625546,5625482
501,13102,5.00,6.52,12.91,221.8,0.0,0,5745268,5745204
511,13102,4.91,6.28,13.12,283.5,0.0,0,5867821,5867757
521,13095,4.87,6.34,12.43,130.2,0.0,0,5982774,5982710
531,13096,5.11,6.86,13.31,215.3,0.0,0,6092579,6092515
541,13085,5.12,6.65,12.52,187.0,0.0,0,6206243,6206179
551,13098,5.10,6.78,12.94,141.4,0.0,0,6319201,6319137
561,13081,5.25,7.00,12.45,136.8,0.0,0,6433944,6433880
571,2455,5.00,6.44,12.57,120.8,0.0,0,6553430,6553366
581,10644,5.00,6.43,12.71,120.7,0.0,0,6667459,6667395
591,13086,5.24,6.86,12.57,143.6,0.0,0,6778051,6777987
601,13084,5.07,6.66,12.63,274.3,0.0,0,6895683,6895619
611,13086,5.07,6.68,12.63,119.9,0.0,0,7006516,7006452
621,13098,5.39,6.94,12.82,216.8,0.0,0,7116467,7116403
631,13098,5.18,6.81,12.88,241.1,0.0,0,7233459,7233395
641,13101,4.91,6.33,12.25,206.4,0.0,0,7353138,7353074
651,0,0.00,0.00,0.00,0.0,0.0,0,7458781,7458717
661,13103,5.08,6.85,13.44,282.2,0.0,0,7581979,7581915
671,13100,5.02,6.56,12.48,186.0,0.0,0,7693915,7693851
681,13093,5.07,6.72,12.73,141.9,0.0,0,7805590,7805526
691,13093,5.30,6.99,12.72,145.0,0.0,0,7922134,7922070
701,13102,4.99,6.40,12.49,144.8,0.0,0,8038998,8038934
711,13098,5.30,6.73,12.67,101.5,0.0,0,8152049,8151985
721,13098,5.06,6.46,12.47,147.5,0.0,0,8272287,8272223
731,0,0.00,0.00,0.00,0.0,0.0,0,8371743,8371679
741,13103,5.36,7.26,16.44,249.9,0.0,0,8477024,8476960
751,13097,5.67,7.28,12.37,72.4,0.0,0,8587488,8587424
761,13092,5.08,6.74,12.40,381.8,0.0,0,8703257,8703193
771,13099,5.05,6.61,12.63,180.6,0.0,0,8819473,8819409
781,13099,5.01,6.46,12.05,168.0,0.0,0,8937341,8937277
791,0,0.00,0.00,0.00,0.0,0.0,0,9037096,9037032
801,13102,5.76,7.24,13.36,666.6,0.0,0,9138919,9138855
811,13099,5.45,7.10,15.46,177.1,0.0,0,9248552,9248488
821,13081,5.38,7.01,13.45,140.1,0.0,0,9359144,9359080
831,13096,5.46,6.98,12.97,239.3,0.0,0,9469409,9469345
841,13100,5.04,6.67,12.04,104.1,0.0,0,9585440,9585376
851,0,0.00,0.00,0.00,0.0,0.0,0,9697024,9696960
861,13072,5.31,6.95,13.14,143.7,0.0,0,9798592,9798528
871,13099,5.71,7.32,15.28,152.1,0.0,0,9906623,9906559
881,13102,5.52,7.03,12.81,176.9,0.0,0,10016057,10015993
891,13080,5.41,7.04,12.54,175.0,0.0,0,10124793,10124729
901,13096,5.36,6.95,12.85,225.9,0.0,0,10238265,10238201
911,0,0.00,0.00,0.00,0.0,0.0,0,10334310,10334246
922,13101,5.54,7.22,14.57,275.9,0.0,0,10442342,10442278
932,13096,5.62,7.16,13.31,61.5,0.0,0,10558751,10558687
942,13098,5.17,6.88,12.87,147.7,0.0,0,10664792,10664728
952,13103,5.23,6.91,12.87,141.0,0.0,0,10782411,10782347
962,13092,5.12,6.88,12.50,139.6,0.0,0,10894539,10894475
972,0,0.00,0.00,0.00,0.0,0.0,0,11005643,11005579
982,13102,5.26,6.88,12.61,156.0,0.0,0,11102475,11102411
992,12893,5.70,7.23,12.84,1332.5,0.0,0,11203083,11203019
1002,13096,5.53,7.01,13.52,270.1,0.0,0,11314442,11314378
1012,12839,5.68,7.15,12.96,266.5,0.0,0,11423882,11423818
1022,0,0.00,0.00,0.00,0.0,0.0,0,11532800,11532736
1032,13101,5.51,7.19,12.85,143.5,0.0,0,11640383,11640319
1042,13100,5.59,7.11,13.43,205.0,0.0,0,11744255,11744191
1052,13097,5.68,7.19,13.21,198.6,0.0,0,11860594,11860530
1062,13099,5.42,7.14,14.91,209.1,0.0,0,11955934,11955870
1072,13099,5.46,7.14,12.89,142.9,0.0,0,12068254,12068190
1082,0,0.00,0.00,0.00,0.0,0.0,0,12179164,12179100
1092,13100,5.27,7.14,13.02,144.7,0.0,0,12293596,12293532
1102,13096,5.11,6.68,12.75,139.5,0.0,0,12402395,12402331
1112,13098,5.70,7.18,12.33,226.9,0.0,0,12511565,12511501
1122,13102,5.11,6.86,12.91,136.7,0.0,0,12618935,12618871
1132,13087,5.40,7.03,18.75,713.2,0.0,0,12721192,12721128
1142,0,0.00,0.00,0.00,0.0,0.0,0,12831400,12831336
1152,13103,5.68,7.16,13.57,143.8,0.0,0,12942239,12942175
1162,13082,5.16,6.69,12.60,169.1,0.0,0,13050714,13050650
1172,13087,5.63,7.17,12.89,191.8,0.0,0,13161292,13161228
1182,13101,5.45,7.02,13.39,137.3,0.0,0,13267324,13267260
1192,13100,5.43,7.12,13.60,222.5,0.0,0,13371314,13371250
1202,0,0.00,0.00,0.00,0.0,0.0,0,13479921,13479857
1212,13103,5.63,7.23,12.79,218.1,0.0,0,13588212,13588148
1222,13102,5.28,7.04,13.18,185.8,0.0,0,13699124,13699123
1232,13087,5.60,7.12,12.73,116.8,0.0,0,13810174,13810110
1242,13095,5.31,7.01,13.14,206.5,0.0,0,13922935,13922871
1252,12890,5.10,6.64,12.54,145.9,0.0,0,14039415,14039351
1262,0,0.00,0.00,0.00,0.0,0.0,0,14140277,14140213
1272,13103,5.14,7.00,15.51,233.7,0.0,0,14250996,14250932
1282,13092,5.42,7.07,12.91,148.9,0.0,0,14363778,14363714
1292,13100,5.14,6.86,12.62,206.0,0.0,0,14474498,14474434
1302,13100,5.09,6.68,12.61,218.6,0.0,0,14590082,14590018
1312,13091,5.64,7.13,13.36,195.0,0.0,0,14696765,14696706
1322,0,0.00,0.00,0.00,0.0,0.0,0,14806842,14806778
1332,13093,5.39,7.20,15.58,217.3,0.0,0,14908922,14908858
1342,13085,5.44,7.11,12.59,140.6,0.0,0,15018347,15018283
1352,13098,5.42,6.94,12.77,147.6,0.0,0,15131729,15131665
1362,12986,5.11,6.83,12.44,122.0,0.0,0,15248465,15248401
1372,13097,5.21,7.02,12.70,144.8,0.0,0,15357777,15357713
1382,12893,5.37,7.04,13.05,144.2,0.0,0,15467247,15467183
1392,205,5.35,7.04,12.98,143.8,0.0,0,15572252,15572188
1402,13103,5.42,7.08,13.57,246.4,0.0,0,15679705,15679641
1412,13101,5.67,7.29,13.10,137.7,0.0,0,15791513,15791449
1423,13100,5.26,6.96,12.52,184.1,0.0,0,15905049,15904985
1433,13097,5.46,7.16,12.91,250.1,0.0,0,16013592,16013528
1443,0,0.00,0.00,0.00,0.0,0.0,0,16116888,16116824
1453,13100,5.27,7.07,14.06,181.7,0.0,0,16225431,16225367
1463,13076,5.68,7.30,13.15,140.1,0.0,0,16335025,16334961
1473,13097,5.19,6.87,12.49,145.0,0.0,0,16446896,16446832
1483,13102,5.17,6.87,12.76,144.1,0.0,0,16563696,16563632
1493,13090,5.64,7.19,13.15,162.4,0.0,0,16668009,16667945
1503,10840,5.42,7.04,12.67,178.1,0.0,0,16777577,16777513
1513,2252,5.41,7.07,12.64,178.0,0.0,0,16886761,16886697
1523,13098,5.38,7.08,12.48,229.8,0.0,0,16989609,16989545
1533,12890,5.76,7.34,14.00,187.5,0.0,0,17099881,17099817
1543,13086,5.18,6.98,13.02,209.6,0.0,0,17212222,17212158
1553,13090,5.68,7.19,12.77,151.8,0.0,0,17317566,17317502
1563,0,0.00,0.00,0.00,0.0,0.0,0,17420828,17420764
1573,13095,5.76,7.38,13.52,119.1,0.0,0,17530497,17530433
1583,13099,5.47,7.11,13.05,260.7,0.0,0,17634369,17634305
1593,12758,5.67,7.14,13.14,732.2,0.0,0,17737152,17737088
1603,13098,5.68,7.30,21.73,201.5,0.0,0,17841664,17841600
1613,0,0.00,0.00,0.00,0.0,0.0,0,17950208,17950144
1623,13094,5.55,7.08,13.02,199.1,0.0,0,18052672,18052608
1633,13099,5.77,7.20,12.79,236.6,0.0,0,18167488,18167424
1643,13100,5.36,7.10,12.68,171.8,0.0,0,18275897,18275840
1653,13089,5.29,7.07,12.46,210.4,0.0,0,18390976,18390912
1663,13098,5.32,7.10,14.65,209.6,0.0,0,18490902,18490838
1673,0,0.00,0.00,0.00,0.0,0.0,0,18601226,18601162
1683,13098,5.39,7.05,12.75,73.8,0.0,0,18710154,18710090
1693,13101,5.35,6.95,12.73,164.2,0.0,0,18824521,18824457
1703,13086,5.15,6.80,12.78,143.5,0.0,0,18941449,18941385
1713,13088,5.23,6.86,12.51,148.7,0.0,0,19047817,19047753
1723,13099,5.47,7.10,12.91,143.1,0.0,0,19159222,19159158
1733,7164,5.58,7.07,13.30,199.0,0.0,0,19267638,19267574
1743,5937,5.57,7.06,13.31,198.8,0.0,0,19370987,19370923
1753,13099,5.13,6.91,14.01,277.6,0.0,0,19481316,19481252
1763,13089,5.83,7.36,13.36,167.9,0.0,0,19587171,19587107
1773,13089,5.77,7.28,13.12,643.1,0.0,0,19684953,19684889
1783,13080,5.59,7.10,12.64,72.8,0.0,0,19796888,19796824
1793,0,0.00,0.00,0.00,0.0,0.0,0,19888406,19888342
1803,13104,5.94,7.41,22.74,151.4,0.0,0,19991382,19991318
1813,13070,5.77,7.19,12.98,62.7,0.0,0,20103243,20103179
1823,13098,5.97,7.48,13.49,300.6,0.0,0,20203426,20203362
1833,0,0.00,0.00,0.00,0.0,0.0,0,20307936,20307872
1843,13103,5.69,7.22,13.05,139.8,0.0,0,20411744,20411680
1853,13101,5.68,7.24,14.90,140.0,0.0,0,20522400,20522336
1863,13088,5.50,7.17,12.84,241.8,0.0,0,20630368,20630304
1873,13100,5.30,7.06,13.12,180.9,0.0,0,20741009,20740945
1883,13100,5.62,7.21,12.72,139.2,0.0,0,20849206,20849142
1893,0,0.00,0.00,0.00,0.0,0.0,0,20954422,20954358
1903,13099,5.75,7.23,13.39,200.2,0.0,0,21067506,21067442
1913,13089,5.29,6.88,12.80,141.8,0.0,0,21167215,21167151
1923,13090,5.92,7.50,13.30,476.3,0.0,0,21273199,21273135
1933,13095,5.56,7.01,13.11,217.0,0.0,0,21386287,21386223
1943,0,0.00,0.00,0.00,0.0,0.0,0,21490991,21490927
1953,13095,5.63,7.19,12.38,200.7,0.0,0,21602351,21602287
1963,13095,5.22,6.83,12.48,198.5,0.0,0,21713317,21713253
1973,13101,5.31,7.01,12.96,194.3,0.0,0,21822884,21822820
1985,11634,5.49,7.09,13.04,1258.1,0.0,0,21934094,21934030
1995,13063,5.26,7.00,12.57,197.8,0.0,0,22045197,22045133
2005,8181,5.59,7.23,13.79,141.4,0.0,0,22151437,22151373
2015,4908,5.59,7.23,13.83,141.2,0.0,0,22258054,22257990
2025,13092,5.67,7.25,13.05,144.1,0.0,0,22368966,22368902
2035,12690,5.35,7.21,14.39,224.4,0.0,0,22472704,22472640
2045,13102,5.84,7.36,13.41,142.6,0.0,0,22575606,22575542
2055,13086,5.38,6.97,13.37,142.6,0.0,0,22688777,22688713
2065,0,0.00,0.00,0.00,0.0,0.0,0,22797251,22797193
2075,13094,5.37,7.11,13.27,216.0,0.0,0,22905289,22905225
2085,13098,5.47,7.13,13.35,183.2,0.0,0,23016265,23016201
2095,13084,5.86,7.36,13.31,173.6,0.0,0,23117385,23117321
2105,13086,5.94,7.48,13.58,221.8,0.0,0,23220084,23220027
2115,0,0.00,0.00,0.00,0.0,0.0,0,23324647,23324583
2125,13102,5.49,7.21,14.07,213.7,0.0,0,23429088,23429024
2135,13086,5.82,7.30,13.41,216.9,0.0,0,23536219,23536155
2145,13088,5.13,6.81,12.92,143.0,0.0,0,23651291,23651227
2155,13095,5.75,7.35,12.90,142.2,0.0,0,23755547,23755483
2165,13101,5.65,7.14,13.53,142.9,0.0,0,23863577,23863513
2175,0,0.00,0.00,0.00,0.0,0.0,0,23974488,23974424
2185,13103,5.30,7.21,14.36,182.5,0.0,0,24075671,24075607
2195,13101,5.42,7.07,12.77,166.6,0.0,0,24185687,24185623
2205,13100,5.30,6.97,12.28,208.4,0.0,0,24297854,24297790
2215,13098,5.61,7.30,12.96,220.8,0.0,0,24405002,24404938
2225,13096,5.63,7.22,12.72,196.9,0.0,0,24515380,24515316
2235,0,0.00,0.00,0.00,0.0,0.0,0,24623728,24623664
2245,13101,5.67,7.23,12.84,175.3,0.0,0,24723493,24723429
2255,13103,5.53,7.22,22.28,142.2,0.0,0,24840933,24840869
2265,13099,5.01,6.52,12.34,78.3,0.0,0,24953810,24953746
2275,13099,5.64,7.21,12.94,147.6,0.0,0,25063363,25063299
2285,13099,4.43,5.83,12.05,141.5,0.0,0,25195576,25195512
2295,13101,4.39,5.67,11.79,143.9,0.0,0,25328113,25328049
2305,13099,4.38,5.65,12.03,143.9,0.0,0,25463025,25462961
2315,13100,4.40,5.69,11.54,139.6,0.0,0,25589233,25589233
2325,13101,4.40,5.65,12.05,275.7,0.0,0,25721737,25721673
2335,13100,4.38,5.66,11.59,47.6,0.0,0,25854216,25854152
2345,13093,4.42,5.68,11.69,142.1,0.0,0,25986312,25986248
2355,13099,4.75,6.36,11.97,563.2,0.0,0,26098951,26098887
2365,0,0.00,0.00,0.00,0.0,0.0,0,26203654,26203590
2375,13098,5.43,7.12,13.57,223.1,0.0,0,26313734,26313670
2385,13099,5.61,7.22,12.90,127.7,0.0,0,26422726,26422662
2395,13090,5.41,7.12,12.88,143.0,0.0,0,26529669,26529605
2405,13101,5.64,7.20,12.66,144.2,0.0,0,26638213,26638213
FINAL highest_seq=26638277 durable_through=26638277 sync_successes=416306 records_total=26638277
