label,test,run,ops_s,verdict,batches,mean_window_us,mean_snapshot_us,mean_fsync_us,mean_coord_us,resources...
SATA-E,hundred_writers_throughput,run1,10347,FAIL,1060,4340.7,231.4,4441.0,102.2,cpu_s=11.9,wall_s=10.5,rss_mb=5,threads=105,handles=159,disk_busy_avg=5.6,wlat_ms_avg=0.26,wlat_ms_max=0.5,qlen_avg=0.06
SATA-E,hundred_writers_throughput,run2,10485,FAIL,1057,4332.9,145.1,4436.3,106.3,cpu_s=11.9,wall_s=11.2,rss_mb=11,threads=105,handles=160,disk_busy_avg=5.8,wlat_ms_avg=0.28,wlat_ms_max=0.63,qlen_avg=0.06
SATA-E,hundred_writers_throughput,run3,10512,FAIL,1062,4303.2,152.9,4400.3,99.4,cpu_s=12.8,wall_s=11.1,rss_mb=11,threads=105,handles=160,disk_busy_avg=5.66,wlat_ms_avg=0.32,wlat_ms_max=0.84,qlen_avg=0.06
SATA-E,hundred_writers_throughput,run4,10706,FAIL,1052,4233.3,203.5,4341.9,96.9,cpu_s=12.4,wall_s=10.1,rss_mb=5,threads=105,handles=160,disk_busy_avg=5.24,wlat_ms_avg=0.24,wlat_ms_max=0.63,qlen_avg=0.05
SATA-E,hundred_writers_throughput,run5,10554,FAIL,1057,4279.7,182.1,4399.1,100.8,cpu_s=13.1,wall_s=11.1,rss_mb=11,threads=105,handles=160,disk_busy_avg=5.98,wlat_ms_avg=0.28,wlat_ms_max=0.58,qlen_avg=0.06
SATA-E,thousand_writers_throughput,run1,61970,FAIL,1506,5255.7,607.7,4804.8,42.8,cpu_s=84.1,wall_s=22.5,rss_mb=74,threads=1005,handles=1061,disk_busy_avg=6.24,wlat_ms_avg=4.04,wlat_ms_max=80.81,qlen_avg=0.06
SATA-E,thousand_writers_throughput,run2,59231,FAIL,1482,5422.6,617.3,5268.4,57.7,cpu_s=88.4,wall_s=22.5,rss_mb=78,threads=1005,handles=1061,disk_busy_avg=7.66,wlat_ms_avg=1.55,wlat_ms_max=23.85,qlen_avg=0.08
SATA-E,thousand_writers_throughput,run3,62649,FAIL,1507,5154.9,523.1,4881.3,25.1,cpu_s=80.3,wall_s=21.4,rss_mb=74,threads=1005,handles=1061,disk_busy_avg=6.73,wlat_ms_avg=0.42,wlat_ms_max=2.09,qlen_avg=0.07
SATA-E,thousand_writers_throughput,run4,61490,FAIL,1499,5224.9,563.0,5025.8,25.4,cpu_s=81.6,wall_s=22.4,rss_mb=88,threads=1005,handles=1061,disk_busy_avg=7.09,wlat_ms_avg=0.53,wlat_ms_max=5.29,qlen_avg=0.07
SATA-E,thousand_writers_throughput,run5,61528,FAIL,1493,5249.6,558.6,5047.1,28.7,cpu_s=83.8,wall_s=22.3,rss_mb=86,threads=1005,handles=1060,disk_busy_avg=8.21,wlat_ms_avg=1.72,wlat_ms_max=23.16,qlen_avg=0.08
SATA-C,hundred_writers_throughput,run1,11294,FAIL,1145,3610.3,394.5,3637.9,88.5,cpu_s=12.1,wall_s=10.5,rss_mb=11,threads=105,handles=159,disk_busy_avg=8.13,wlat_ms_avg=0.29,wlat_ms_max=0.45,qlen_avg=0.08
SATA-C,hundred_writers_throughput,run2,12116,FAIL,1095,3562.9,304.4,3589.8,78.6,cpu_s=11.1,wall_s=9.1,rss_mb=5,threads=105,handles=160,disk_busy_avg=6.31,wlat_ms_avg=0.24,wlat_ms_max=0.34,qlen_avg=0.06
SATA-C,hundred_writers_throughput,run3,11873,FAIL,1109,3584.2,304.1,3620.7,83.5,cpu_s=12.6,wall_s=10.1,rss_mb=11,threads=105,handles=160,disk_busy_avg=7.53,wlat_ms_avg=0.26,wlat_ms_max=0.52,qlen_avg=0.08
SATA-C,hundred_writers_throughput,run4,11654,FAIL,1108,3591.3,392.4,3673.0,85.1,cpu_s=12.8,wall_s=10.1,rss_mb=9,threads=105,handles=160,disk_busy_avg=5.25,wlat_ms_avg=0.22,wlat_ms_max=0.3,qlen_avg=0.05
SATA-C,hundred_writers_throughput,run5,11337,FAIL,1130,3598.4,440.5,3675.0,89.7,cpu_s=13.1,wall_s=10.1,rss_mb=7,threads=105,handles=160,disk_busy_avg=5.86,wlat_ms_avg=0.24,wlat_ms_max=0.59,qlen_avg=0.06
SATA-C,thousand_writers_throughput,run1,59311,FAIL,1649,4753.8,839.7,4601.5,23.2,cpu_s=89,wall_s=23.4,rss_mb=80,threads=1005,handles=1060,disk_busy_avg=10.68,wlat_ms_avg=1,wlat_ms_max=15.15,qlen_avg=0.11
SATA-C,thousand_writers_throughput,run2,48504,FAIL,1648,4868.6,915.8,6680.9,30.3,cpu_s=96.3,wall_s=27.5,rss_mb=84,threads=1005,handles=1061,disk_busy_avg=31.97,wlat_ms_avg=5.37,wlat_ms_max=44.48,qlen_avg=0.32
SATA-C,thousand_writers_throughput,run3,50881,FAIL,1670,4690.7,819.0,6231.3,22.8,cpu_s=90.9,wall_s=26.4,rss_mb=83,threads=1005,handles=1061,disk_busy_avg=24.33,wlat_ms_avg=2.96,wlat_ms_max=19.75,qlen_avg=0.24
SATA-C,thousand_writers_throughput,run4,53124,FAIL,1660,4719.7,854.6,5732.5,24.6,cpu_s=89,wall_s=25.5,rss_mb=81,threads=1005,handles=1061,disk_busy_avg=20.21,wlat_ms_avg=2.76,wlat_ms_max=25.28,qlen_avg=0.2
SATA-C,thousand_writers_throughput,run5,42888,FAIL,1652,5011.4,884.5,8169.8,41.3,cpu_s=93.8,wall_s=29.6,rss_mb=76,threads=1005,handles=1060,disk_busy_avg=35.45,wlat_ms_avg=4.83,wlat_ms_max=23.22,qlen_avg=0.35
