group,label,iter,pos,test,t,perf_pct,cpu_pct,disk_time,disk_q,disk_sec_write,disk_sec_read,mem_avail_mb,ctx_sw,proc_q
m12,cur,1,1,M12,1,83.03355,48.219,4.932,0.09864,0.00022,0,9084,201622.61725,0
m12,cur,1,1,M12,2,81.36417,42.00694,5.12967,0.1027,0.00025,0,9088,242665.13042,0
m12,cur,1,1,M12,3,101.68685,20.85524,4.25243,0.08505,0.0002,0,9082,204214.64003,0
m12,cur,1,1,M12,4,76.83985,22.0721,8.58374,0.17167,0.00045,0,9077,184923.08454,0
m12,cur,1,1,M12,5,78.08999,28.40034,4.84606,0.09692,0.00023,0,9079,205721.61511,0
m12,cur,1,1,M12,6,101.25785,15.67992,3.346,0.06692,0.00032,0,9093,32398.63711,0
m12,cur,2,1,M12,1,51.22365,20.29633,6.34587,0.12692,0.0003,0,9093,219536.52591,0
m12,cur,2,1,M12,2,65.78563,18.23564,4.53213,0.09064,0.00021,0,9093,218769.83808,0
m12,cur,2,1,M12,3,47.10642,36.83671,5.13585,0.10272,0.00025,0,9089,289122.26293,0
m12,cur,2,1,M12,4,53.63002,37.30617,15.51756,0.31035,0.00072,0,9089,275645.05652,0
m12,cur,2,1,M12,5,76.27474,23.54687,4.88946,0.09779,0.00023,0,9090,225632.72667,0
m12,cur,2,1,M12,6,99.79547,27.78041,3.08352,0.06167,0.0002,0,9083,118198.46332,0
m12,cur,2,1,M12,7,69.19249,6.54996,0.22951,0.00459,0.00023,0,9080,11006.1134,0
m12,cur,3,1,M12,1,73.98614,27.09149,5.62767,0.11255,0.00023,0,9106,170943.39354,0
m12,cur,3,1,M12,2,56.55238,26.25847,5.00811,0.10016,0.00025,0,9103,234543.08782,0
m12,cur,3,1,M12,3,50.5241,35.62178,21.54224,0.43084,0.00099,0,9103,272921.85018,0
m12,cur,3,1,M12,4,44.58015,40.59955,4.38726,0.08775,0.00021,0,9101,309610.43398,0
m12,cur,3,1,M12,5,38.66515,33.70827,15.86691,0.31734,0.00075,0,9104,341542.32971,0
m12,cur,3,1,M12,6,50.78636,32.65043,4.09878,0.08198,0.00022,0,9105,198660.63048,0
m12,cur,3,1,M12,7,91.52688,13.44381,0.52083,0.01042,0.00038,0,9109,3372.53985,0
m12,cur,4,1,M12,1,89.21352,42.49986,5.62055,0.11241,0.00024,0,9105,213245.80425,0
m12,cur,4,1,M12,2,89.21237,39.91332,4.47115,0.08942,0.00022,0,9105,230596.52627,0
m12,cur,4,1,M12,3,59.99137,35.34777,5.40218,0.10804,0.00026,0,9103,221725.74108,0
m12,cur,4,1,M12,4,55.38724,37.84715,13.91628,0.27833,0.00065,0,9109,266859.82174,0
m12,cur,4,1,M12,5,68.04577,31.94046,14.55512,0.2911,0.00085,0,9098,191371.32819,0
m12,cur,4,1,M12,6,69.02088,24.54199,27.8538,0.55708,0.00197,0,9098,130722.84228,0
m12,cur,4,1,M12,7,85.0988,30.3048,2.14927,0.04302,0.00101,0,9099,6186.34548,0
m12,cur,5,1,M12,1,65.00182,26.98087,4.88614,0.09778,0.0002,0,9082,208246.41231,0
m12,cur,5,1,M12,2,85.04091,51.52616,4.38012,0.0876,0.00021,0,9088,273980.00077,0
m12,cur,5,1,M12,3,86.79934,36.77361,7.67765,0.15367,0.00036,0,9084,200422.59559,0
m12,cur,5,1,M12,4,98.33452,33.94605,7.05907,0.14104,0.00033,0,9084,182760.77532,0
m12,cur,5,1,M12,5,86.43844,45.86703,21.50457,0.43009,0.00099,0,9089,235571.95804,0
m12,cur,5,1,M12,6,96.47449,32.07678,1.74841,0.03497,0.00019,0,9094,30317.7188,0
m12,cur,6,1,M12,1,52.1987,24.41166,4.45444,0.08909,0.00021,0,9049,230643.50534,0
m12,cur,6,1,M12,2,61.41236,28.77749,4.70548,0.09411,0.00024,0,9049,235010.99724,0
m12,cur,6,1,M12,3,70.72741,28.12766,13.62955,0.27259,0.00064,0,9044,219430.28558,0
m12,cur,6,1,M12,4,54.79461,32.54992,19.7195,0.39439,0.0009,0,9047,255648.76722,0
m12,cur,6,1,M12,5,56.0712,28.03874,5.24801,0.10486,0.00025,0.00039,9051,290130.3471,0
m12,cur,6,1,M12,6,79.7855,25.55405,2.89226,0.05785,0.0002,0,9045,111383.87391,0
m12,cur,6,1,M12,7,84.60101,6.72573,0.2766,0.00553,0.00028,0,9047,2575.45661,0
m12,cur,7,1,M12,1,41.65032,36.63166,4.47963,0.08959,0.00021,0,9191,293242.53827,0
m12,cur,7,1,M12,2,43.32249,35.87575,4.73287,0.09466,0.00024,0,9208,289971.34165,0
m12,cur,7,1,M12,3,54.90408,35.07625,20.02169,0.40043,0.00091,0,9207,231652.82937,0
m12,cur,7,1,M12,4,62.59614,48.61731,8.61134,0.17223,0.00042,0,9209,271866.4363,0
m12,cur,7,1,M12,5,49.02667,39.47491,18.5709,0.37142,0.00089,0,9210,262781.46843,0
m12,cur,7,1,M12,6,58.68377,18.2073,3.81835,0.07637,0.00019,0,9212,140561.00507,0
m12,cur,7,1,M12,7,92.28891,7.84107,0.44797,0.00896,0.0003,0,9220,1776.6482,0
m12,cur,8,1,M12,1,60.31705,38.67933,4.52368,0.09047,0.00021,0,9282,272665.21149,0
m12,cur,8,1,M12,2,56.84351,22.66535,5.65897,0.11318,0.00024,0,9284,224712.12491,0
m12,cur,8,1,M12,3,48.50021,25.22111,8.22265,0.16445,0.00038,0,9278,303205.85977,0
m12,cur,8,1,M12,4,67.74721,33.55079,28.96872,0.57937,0.00132,0,9275,207623.15766,0
m12,cur,8,1,M12,5,46.68978,35.04261,3.7061,0.07412,0.00018,0,9281,270509.55398,0
m12,cur,8,1,M12,6,61.34425,38.14236,7.81579,0.15632,0.00043,0,9282,144511.71212,0
m12,cur,8,1,M12,7,86.63444,7.93993,0.2066,0.00413,0.00017,0,9281,2308.60838,0
m12,cur,9,1,M12,1,72.42657,30.05596,4.44796,0.08896,0.0002,0,9250,189504.96057,1
m12,cur,9,1,M12,2,53.42295,31.45372,4.51912,0.09038,0.0002,0,9257,267890.47432,0
m12,cur,9,1,M12,3,62.65786,33.3654,4.5827,0.09165,0.00021,0,9250,264899.90888,0
m12,cur,9,1,M12,4,69.13865,36.20135,9.09888,0.18198,0.0004,0,9248,226307.52272,0
m12,cur,9,1,M12,5,77.54314,24.70031,13.06648,0.26133,0.00058,0,9232,222673.22457,0
m12,cur,9,1,M12,6,91.47855,25.42028,2.8009,0.05602,0.00021,0,9195,85779.75612,0
m12,cur,9,1,M12,7,87.36068,35.29788,0.35392,0.00708,0.00022,0.00044,9164,11235.08762,0
m12,cur,10,1,M12,1,66.74069,18.82363,4.84235,0.09685,0.00023,0,9195,221128.52007,0
m12,cur,10,1,M12,2,58.90757,32.43404,9.4065,0.18813,0.00045,0,9195,238047.46656,0
m12,cur,10,1,M12,3,71.35728,15.03282,21.82594,0.43652,0.00101,0,9193,224432.06743,0
m12,cur,10,1,M12,4,111.49626,18.66293,8.56505,0.1713,0.00039,0,9194,191989.43986,0
m12,cur,10,1,M12,5,51.73042,20.87047,12.34562,0.24691,0.00062,0,9190,317592.74847,0
m12,cur,10,1,M12,6,87.33492,29.51884,2.77129,0.05543,0.0002,0,9179,114216.82656,0
m12,cur,10,1,M12,7,112.21895,32.75579,0.60445,0.01209,0.00031,0,9154,5958.89837,0
m12,cur,11,1,M12,1,112.34762,28.54304,4.47839,0.08957,0.00019,0.00044,8985,165445.64756,0
m12,cur,11,1,M12,2,111.79038,37.51669,3.59933,0.07199,0.00016,0,9095,172038.29352,0
m12,cur,11,1,M12,3,77.46194,33.37772,26.12118,0.52242,0.00117,0,9217,204456.2576,0
m12,cur,11,1,M12,4,103.85084,35.95994,13.09543,0.26191,0.00057,0,9208,244240.46811,0
m12,cur,11,1,M12,5,66.72146,58.4193,6.52135,0.13043,0.00031,0.00032,9213,220312.29541,0
m12,cur,11,1,M12,6,98.5434,23.17127,1.11614,0.02232,0.00024,0,9200,7043.58759,0
m12,cur,12,1,M12,1,105.3209,32.36546,4.20495,0.0841,0.00019,0,9119,186660.77206,0
m12,cur,12,1,M12,2,105.41201,37.03984,5.6427,0.11285,0.00024,0,9183,194599.12914,0
m12,cur,12,1,M12,3,87.3409,33.29908,20.07051,0.40141,0.00088,0,9147,196498.21525,0
m12,cur,12,1,M12,4,111.93171,36.31497,4.23675,0.08474,0.0002,0,9194,161697.50618,0
m12,cur,12,1,M12,5,111.97604,37.74877,23.42476,0.4685,0.001,0,9235,150099.76241,0
m12,cur,12,1,M12,6,102.87061,34.55819,0.44794,0.00896,0.00026,0,9240,7508.20322,0
m12,cur,13,1,M12,1,46.33703,23.51943,13.78688,0.27574,0.0008,0,9241,213747.9353,0
m12,cur,13,1,M12,2,64.22653,35.14239,11.97376,0.23948,0.00063,0,9222,213341.10998,0
m12,cur,13,1,M12,3,97.42109,33.80668,4.48421,0.08968,0.00021,0,9240,163122.76427,0
m12,cur,13,1,M12,4,76.90272,28.35818,17.94285,0.35886,0.00083,0,9217,230913.34737,0
m12,cur,13,1,M12,5,79.67412,19.13757,17.14544,0.34291,0.00079,0,9227,201635.95596,0
m12,cur,13,1,M12,6,60.69014,24.52229,3.7479,0.07489,0.00021,0,9231,154636.77691,0
m12,cur,13,1,M12,7,90.57555,15.84386,0.58441,0.0117,0.00051,0,9228,5061.96951,0
m12,cur,14,1,M12,1,47.59328,34.23586,4.08695,0.08174,0.0002,0,9258,241785.81554,0
m12,cur,14,1,M12,2,38.45187,33.72632,4.37703,0.08754,0.00021,0,9283,353542.31815,0
m12,cur,14,1,M12,3,62.3255,27.76237,16.48871,0.32977,0.0008,0,9273,188771.21706,0
m12,cur,14,1,M12,4,65.93262,18.69006,13.92707,0.27854,0.00065,0,9270,220378.73054,0
m12,cur,14,1,M12,5,42.80425,30.66788,10.25613,0.20512,0.00051,0,9269,319299.40173,0
m12,cur,14,1,M12,6,68.49796,17.12977,4.16182,0.08324,0.00022,0,9266,163159.14352,0
m12,cur,14,1,M12,7,96.61656,5.85514,0.76366,0.01527,0.00045,0,9266,1810.09215,0
m12,cur,15,1,M12,1,57.06468,16.36049,4.72314,0.09446,0.00022,0,9264,224794.26393,0
m12,cur,15,1,M12,2,52.50654,29.52783,4.2214,0.08443,0.00021,0,9261,256184.6435,0
m12,cur,15,1,M12,3,66.68034,17.39085,4.29292,0.08586,0.0002,0,9258,212716.445,0
m12,cur,15,1,M12,4,64.24735,22.67634,12.25272,0.24505,0.00057,0,9262,222435.01834,0
m12,cur,15,1,M12,5,70.29457,26.8361,13.80086,0.27602,0.00066,0,9272,218210.95311,0
m12,cur,15,1,M12,6,112.99718,15.91458,2.25327,0.04507,0.00018,0,9271,63322.79362,0
m12,cur,16,1,M12,1,53.10149,36.68577,4.03837,0.08077,0.00019,0.00039,9258,281301.70161,0
m12,cur,16,1,M12,2,74.23815,31.04526,5.66209,0.11324,0.00025,0,9224,240479.7125,0
m12,cur,16,1,M12,3,56.73523,30.16419,17.3317,0.34663,0.00078,0,9223,251186.01253,0
m12,cur,16,1,M12,4,54.32061,26.67511,17.96803,0.35936,0.00083,0,9227,276115.29974,0
m12,cur,16,1,M12,5,55.55514,23.2586,4.10314,0.08206,0.0002,0,9233,213562.24411,0
m12,cur,16,1,M12,6,72.01457,21.24578,3.49349,0.06987,0.00023,0,9237,108257.39355,0
m12,cur,16,1,M12,7,80.70308,6.21112,0.55512,0.0111,0.00034,0,9245,3305.46899,0
m12,cur,17,1,M12,1,73.88287,30.3393,4.25336,0.08507,0.0002,0,9232,222320.90337,0
m12,cur,17,1,M12,2,57.02898,24.63629,4.24525,0.08491,0.00021,0,9234,215875.28037,0
m12,cur,17,1,M12,3,56.83098,17.63218,4.0859,0.08172,0.0002,0,9234,233227.00736,0
m12,cur,17,1,M12,4,57.45317,27.02677,12.70951,0.25419,0.00058,0,9233,241591.90179,0
m12,cur,17,1,M12,5,56.12179,24.94854,15.29044,0.30581,0.00074,0,9254,211546.46391,0
m12,cur,17,1,M12,6,83.96126,17.68706,2.57326,0.05147,0.0002,0,9255,60977.17062,0
m12,cur,17,1,M12,7,63.24692,3.3474,0.32574,0.00651,0.00036,0,9254,2951.23954,0
m12,cur,18,1,M12,1,54.59481,26.06077,4.49764,0.08995,0.0002,0,9269,222459.22156,0
m12,cur,18,1,M12,2,52.54116,27.94121,4.59807,0.09196,0.00023,0,9286,265793.63119,0
m12,cur,18,1,M12,3,63.98883,30.06069,17.76205,0.35524,0.00085,0,9285,217232.57792,0
m12,cur,18,1,M12,4,68.36911,22.82914,4.35438,0.08709,0.00022,0,9285,201802.30712,0
m12,cur,18,1,M12,5,47.79012,36.04119,17.16464,0.34329,0.00083,0,9287,253417.65742,0
m12,cur,18,1,M12,6,81.21325,15.08468,3.08427,0.06169,0.00022,0,9287,78681.43477,0
m12,cur,18,1,M12,7,68.91198,6.514,0.50765,0.01015,0.00032,0,9288,2797.43516,0
m12,cur,19,1,M12,1,48.16505,30.79308,4.27624,0.08552,0.0002,0,9296,246453.42464,0
m12,cur,19,1,M12,2,68.17096,24.94448,4.32356,0.08647,0.00022,0,9295,197625.22787,0
m12,cur,19,1,M12,3,58.23665,32.38561,21.37992,0.4276,0.00102,0,9294,227910.99654,0
m12,cur,19,1,M12,4,52.96543,33.84104,21.64629,0.43293,0.00103,0,9294,260527.7927,0
m12,cur,19,1,M12,5,52.41433,18.24542,13.6405,0.27281,0.00068,0,9295,202349.11599,0
m12,cur,19,1,M12,6,55.17076,24.96548,3.65639,0.07313,0.00022,0,9295,158996.77235,0
m12,cur,19,1,M12,7,74.25206,8.66644,0.33475,0.0067,0.00029,0,9293,3094.63789,0
m12,cur,20,1,M12,1,50.19721,27.52309,4.22748,0.08455,0.0002,0,9292,258253.71299,0
m12,cur,20,1,M12,2,55.67999,24.06289,4.17192,0.08344,0.0002,0,9291,227047.0467,0
m12,cur,20,1,M12,3,55.72424,25.60039,4.13749,0.08275,0.00021,0,9284,216457.96403,0
m12,cur,20,1,M12,4,53.7438,21.34524,10.21345,0.20427,0.00049,0,9284,245412.51458,0
m12,cur,20,1,M12,5,52.94733,28.83797,3.8731,0.07746,0.00019,0,9284,267847.22478,0
m12,cur,20,1,M12,6,80.26582,20.44378,4.7199,0.0944,0.00031,0,9283,88027.65817,0
m12,cur,20,1,M12,7,68.27108,6.88497,0.26464,0.00529,0.00027,0,9285,3058.42682,0
