t_s,rss_mb,threads,handles,sockets,compaction_cycles,sstables,wal_bytes,data_bytes,active_txns,avg_batch,read_p50,read_p99,read_max,write_p50,write_p99,write_max,txn_p99,errors_total
30,22.6,18,126,8,0,0,2785959,2786019,0,1.0,1.56,5.28,12.6,5.51,11.34,14.0,15.06,0
60,16.9,18,127,8,0,1,4093190,7710118,0,1.0,1.29,4.91,10.7,5.24,11.89,17.7,15.34,0
90,18.8,18,127,8,0,1,5401890,9018818,0,1.0,1.32,5.12,17.8,5.21,12.87,16.0,16.66,0
120,20.8,19,128,8,0,1,6665374,10282302,0,1.0,1.2,5.2,256.8,5.45,15.99,453.5,25.1,0
150,16.8,19,129,8,0,2,4754568,12459955,0,1.0,1.14,4.88,118.6,5.02,11.9,116.7,16.72,0
180,18.7,19,129,8,0,2,6018786,13724173,0,1.0,1.33,6.07,22.0,5.84,16.22,66.0,16.77,0
210,20.6,19,129,8,0,2,7299712,15005099,1,1.0,1.76,5.23,21.3,5.86,12.14,17.9,16.26,0
240,16.6,19,130,8,0,3,4534736,16328535,0,1.0,1.27,5.13,31.0,5.3,12.1,106.4,17.02,0
271,17.8,19,131,8,0,3,5598058,17391857,0,1.0,1.19,10.48,283.3,5.65,114.76,501.0,238.66,0
301,19.7,20,129,8,0,3,6882450,18676249,0,1.0,1.59,5.29,14.6,5.7,11.92,19.6,16.98,0
331,16.2,20,127,8,1,1,4090606,19472754,0,1.0,1.68,5.88,14.0,5.91,13.19,22.3,17.21,0
361,17.5,20,128,8,1,1,5288096,20670244,0,1.0,1.48,5.57,329.8,5.54,63.38,315.8,62.4,0
391,19.5,20,127,8,1,1,6624030,22006178,0,1.0,0.92,4.46,12.9,4.82,11.35,26.2,15.28,0
421,21.6,18,127,8,1,1,7916016,23298164,1,1.0,1.6,4.97,11.8,5.55,12.25,22.6,16.22,0
451,17.4,18,128,8,1,2,5130518,24601659,0,1.0,1.66,5.15,12.7,5.69,12.8,109.9,16.81,0
481,19.4,18,128,8,1,2,6280888,25752029,0,1.0,1.74,6.35,570.0,5.98,71.28,580.0,127.71,0
511,21.5,18,128,8,1,2,7588290,27059431,0,1.0,1.42,4.78,9.8,5.34,11.7,17.6,15.47,0
541,17.1,18,129,8,1,3,4788232,28346989,0,1.0,1.79,5.81,32.5,5.92,13.27,116.6,18.33,0
571,19.3,18,130,8,1,3,6045308,29604065,0,1.0,2.01,5.92,13.2,6.19,13.32,22.4,17.5,0
601,25.1,19,131,9,1,3,7338750,30897507,0,1.0,1.44,4.95,17.0,5.57,12.41,24.4,16.14,0
631,17.8,19,130,9,2,1,4459134,31654562,0,1.0,1.67,6.66,147.6,5.85,70.36,276.6,87.84,0
661,19.4,19,130,9,2,1,5738604,32934032,0,1.0,1.8,5.29,12.1,5.91,12.19,27.9,16.67,0
691,21.2,18,130,9,2,1,7000616,34196044,0,1.0,2.11,5.6,12.3,6.36,12.28,16.0,17.06,0
721,17.4,18,131,9,2,2,4216062,35500792,0,1.0,1.53,5.52,16.1,5.57,12.11,116.3,16.72,0
751,19.0,18,131,9,2,2,5481846,36766576,0,1.0,1.88,5.48,10.4,6.02,12.74,97.6,17.73,0
782,20.8,18,131,9,2,2,6592956,37877686,0,1.0,1.9,8.65,220.1,6.25,77.12,341.8,95.04,0
812,22.5,18,131,9,2,2,7856966,39141696,0,1.0,1.99,5.51,14.2,6.1,12.82,17.1,16.7,0
842,19.8,18,132,9,2,3,5048366,40421367,0,1.0,1.9,5.92,27.0,6.08,13.4,110.1,17.87,0
872,21.1,18,132,9,2,3,6316710,41689711,0,1.0,1.86,5.68,10.4,5.96,12.79,15.3,16.55,0
902,22.3,18,132,9,2,3,7567620,42940621,0,1.0,1.86,6.22,81.1,6.09,13.02,266.5,19.98,0
932,20.5,19,131,9,3,1,4645286,43658879,0,1.0,1.36,7.54,524.5,6.05,63.18,549.7,72.31,0
962,22.1,19,131,9,3,1,5945286,44958879,0,1.0,1.47,5.21,10.1,5.41,11.76,15.8,16.56,0
992,23.4,19,131,9,3,1,7229228,46242821,0,1.0,1.7,5.31,10.8,5.73,12.72,18.1,15.35,0
1022,19.3,19,132,9,3,2,4467490,47569489,0,1.0,1.38,5.0,16.8,5.26,11.53,68.7,16.02,0
1052,20.8,19,132,9,3,2,5743162,48845161,0,1.0,1.77,5.64,12.5,5.87,12.54,19.1,16.32,0
1082,22.5,19,132,9,3,2,7046806,50148805,0,1.0,1.39,5.09,11.8,5.41,11.74,14.7,15.48,0
1112,19.6,19,133,9,3,3,4249140,51439531,1,1.0,1.88,5.79,19.6,6.06,13.01,29.6,17.18,0
1142,21.0,19,133,9,3,3,5507492,52697883,0,1.0,1.95,5.75,103.1,6.15,12.52,104.5,18.6,0
1172,22.5,19,133,9,3,3,6759386,53949777,0,1.0,2.17,6.24,26.9,6.41,13.23,19.2,17.24,0
1202,23.7,19,133,9,3,3,8040542,55230933,0,1.0,1.64,5.65,22.9,5.71,13.57,37.5,17.73,0
1232,20.3,19,131,9,4,1,4934940,55766725,0,1.0,1.32,22.2,225.6,6.92,94.41,372.7,119.95,0
1263,22.0,19,131,9,4,1,6234180,57065965,0,1.0,1.56,4.84,11.0,5.37,11.62,13.7,15.82,0
1293,23.7,19,131,9,4,1,7479538,58311323,0,1.0,1.42,5.15,96.7,5.28,57.31,207.4,67.8,0
1323,19.4,19,132,9,4,2,4626694,59546454,0,1.0,1.25,5.57,132.1,5.2,71.99,208.3,70.17,0
1353,21.1,19,132,9,4,2,5929752,60849512,0,1.0,1.38,4.84,12.0,5.42,12.48,18.1,16.52,0
1383,22.9,19,132,9,4,2,7249156,62168916,0,1.0,1.27,4.31,17.0,5.08,11.86,33.4,14.33,0
1413,24.1,19,133,9,4,3,4380140,63387741,0,1.0,1.4,5.26,72.3,5.39,73.98,223.0,82.63,0
1443,24.1,19,134,9,4,3,5671306,64678907,0,1.0,1.46,5.28,18.6,5.58,11.79,19.6,18.11,0
1473,24.1,19,133,9,4,3,6953552,65961153,0,1.0,1.59,5.46,9.6,5.77,12.79,17.1,16.14,0
1503,19.1,19,133,9,5,1,4123562,66766022,0,1.0,1.62,5.44,59.2,5.73,44.25,107.9,57.61,0
1533,21.6,19,131,9,5,1,5238382,67880842,0,1.0,1.52,8.82,180.0,5.88,102.55,438.0,133.79,0
1563,22.6,19,131,9,5,1,6531748,69174208,0,1.0,1.56,5.03,9.4,5.54,11.38,17.6,15.71,0
1593,24.1,19,131,9,5,1,7832032,70474492,0,1.0,1.41,5.26,12.9,5.39,12.39,20.9,16.31,0
1623,24.7,19,132,9,5,2,5076672,71807749,0,1.0,1.31,4.8,65.3,5.26,10.74,74.8,16.92,0
1653,24.7,19,132,9,5,2,6406480,73137557,0,1.0,1.15,4.63,15.3,4.96,11.69,24.2,16.14,0
1683,24.7,19,132,9,5,2,7728284,74459361,0,1.0,1.32,4.5,8.1,5.17,10.87,14.1,13.2,0
1713,22.0,19,133,9,5,3,4896280,75716621,0,1.0,1.34,6.56,73.0,5.41,53.6,113.4,54.22,0
1744,23.5,19,133,9,5,3,6217588,77037929,0,1.0,1.3,4.61,13.7,5.16,13.01,18.1,15.62,0
1774,23.8,19,133,9,5,3,7533610,78353951,0,1.0,1.35,4.62,8.3,5.27,11.73,17.6,15.59,0
1804,26.1,19,131,9,6,1,4586878,79047408,0,1.0,1.54,6.9,227.9,5.65,72.01,461.6,81.84,0
1834,26.1,19,131,9,6,1,5720506,80181036,0,1.0,1.33,11.69,128.8,5.74,80.69,234.7,102.64,0
1864,26.1,19,131,9,6,1,7016420,81476950,0,1.0,1.56,4.98,28.5,5.51,12.3,33.1,15.69,0
1894,26.1,19,132,9,6,2,4155672,82703024,0,1.0,1.51,6.17,84.4,5.57,66.04,156.5,65.19,0
1924,26.1,19,132,9,6,2,5452950,84000302,0,1.0,1.45,5.06,10.7,5.41,12.24,73.5,16.2,0
1954,26.1,19,132,9,6,2,6760594,85307946,0,1.0,1.35,4.89,57.6,5.27,11.89,77.0,16.39,0
1984,26.1,19,132,9,6,2,8055956,86603308,0,1.0,1.53,5.03,24.9,5.57,13.12,25.0,16.87,0
2014,26.1,19,133,9,6,3,5264550,87900903,0,1.0,1.8,5.45,78.8,5.86,13.49,91.1,16.91,0
2044,26.1,19,133,9,6,3,6500902,89137255,0,1.0,1.46,5.41,67.3,5.65,45.03,130.9,58.83,0
2074,26.1,19,133,9,6,3,7787532,90423885,0,1.0,1.53,5.13,111.3,5.61,12.37,155.1,16.59,0
2104,27.6,19,131,9,7,1,4692452,90964687,0,1.0,1.3,18.91,305.3,5.55,129.78,597.6,136.19,0
2134,27.6,19,131,9,7,1,6015138,92287373,0,1.0,1.27,4.62,9.8,5.12,9.88,12.8,13.68,0
2164,26.3,19,131,9,7,1,7326396,93598631,0,1.0,1.42,4.78,14.4,5.26,11.67,37.8,14.43,0
2195,26.3,19,132,9,7,2,4572750,94932793,0,1.0,1.38,4.64,60.5,5.15,12.16,89.3,15.76,0
2225,26.3,19,132,9,7,2,5876212,96236255,0,1.0,1.44,4.85,9.0,5.35,10.56,15.1,15.14,0
2255,26.3,19,132,9,7,2,7186322,97546365,0,1.0,1.33,4.93,10.9,5.25,11.49,37.6,15.99,0
2285,26.3,19,133,9,7,3,4412604,98861225,0,1.0,1.51,5.4,97.7,5.52,12.14,101.8,17.03,0
2315,26.3,19,133,9,7,3,5741088,100189709,0,1.0,1.3,3.9,8.2,5.06,10.31,16.8,13.31,0
2345,26.3,19,134,9,7,3,7069798,101518419,1,1.0,1.26,4.21,11.0,5.1,10.56,18.6,13.22,0
2375,25.3,19,136,9,8,1,4186590,200809568,0,1.0,1.38,5.31,166.4,5.45,59.25,284.1,100.68,0
2405,22.1,19,131,9,8,1,5314118,103402324,0,1.0,1.57,5.86,164.0,5.74,96.03,383.3,144.18,0
2435,25.3,19,131,9,8,1,6359670,104447876,0,1.0,1.75,17.6,226.5,6.25,98.91,255.9,145.75,0
2465,26.6,19,131,9,8,1,7641412,105729618,0,1.0,1.81,5.64,11.9,5.78,12.05,15.5,15.8,0
2495,21.3,19,132,9,8,2,4877600,107053736,1,1.0,1.39,4.97,77.3,5.32,12.47,77.5,17.24,0
2525,23.1,19,132,9,8,2,6163688,108339824,0,1.0,1.67,5.14,11.4,5.73,11.98,18.8,16.57,0
2555,24.7,19,132,9,8,2,7452206,109628342,0,1.0,1.58,5.1,12.9,5.63,12.73,16.5,16.08,0
2585,25.7,19,133,9,8,3,4700968,110965399,0,1.0,1.22,4.49,47.4,5.18,12.03,90.5,16.4,0
2615,25.8,19,133,9,8,3,6000236,112264667,0,1.0,1.44,4.97,10.1,5.42,12.24,20.5,15.58,0
2645,25.8,19,133,9,8,3,7279394,113543825,0,1.0,1.72,5.47,14.8,5.84,12.77,15.0,17.93,0
2675,27.3,19,131,9,9,1,4238232,114139193,0,1.0,1.82,11.82,236.7,6.67,93.16,592.9,243.47,0
2706,27.3,19,131,9,9,1,5514500,115415461,0,1.0,1.85,5.28,18.3,5.89,13.74,51.9,17.4,0
2736,27.3,19,131,9,9,1,6805348,116706309,0,1.0,1.69,5.09,9.2,5.7,11.58,18.1,16.11,0
2766,27.5,19,131,9,9,1,8077676,117978637,0,1.0,1.97,5.95,14.8,6.09,12.69,22.7,16.44,0
2796,22.2,19,132,9,9,2,5288410,119276999,0,1.0,1.75,5.21,92.9,5.83,12.94,98.6,18.3,0
2826,23.5,19,132,9,9,2,6558370,120546959,0,1.0,1.9,5.45,15.4,6.03,12.97,23.9,17.55,0
2856,25.3,20,133,9,9,2,7858738,121847327,1,1.0,1.45,5.14,92.0,5.32,13.06,93.7,16.65,0
2886,25.8,20,134,9,9,3,5071058,123148886,0,1.0,1.65,5.4,76.6,5.71,12.76,105.0,17.33,0
2916,25.8,20,134,9,9,3,6348854,124426682,0,1.0,1.64,5.33,12.5,5.76,13.18,20.6,16.91,0
2946,25.8,20,135,9,9,3,7572708,125650536,0,1.0,1.85,5.94,64.1,5.99,37.44,239.2,65.03,0
2976,29.0,20,132,9,10,1,4380060,126096996,0,1.0,1.82,17.15,404.3,7.14,209.48,552.7,321.82,0
3006,29.0,20,132,9,10,1,5639066,127356002,0,1.0,1.5,4.98,77.4,5.49,39.59,159.5,33.4,0
3036,29.1,20,133,9,10,1,6813120,128530056,0,1.0,1.51,8.75,79.4,5.65,65.24,166.1,60.61,0
3066,29.3,20,133,9,10,2,4069028,129873327,0,1.0,1.23,4.66,13.8,5.02,11.85,16.1,15.47,0
3096,23.2,20,133,9,10,2,5363370,131167669,0,1.0,1.37,4.79,305.4,5.33,11.7,308.4,17.71,0
3126,24.9,20,133,9,10,2,6660650,132464949,0,1.0,1.54,5.26,14.4,5.56,11.75,20.2,16.53,0
3157,25.8,20,133,9,10,2,7946354,133750653,0,1.0,1.59,5.7,16.5,5.63,12.91,18.8,17.16,0
3187,26.1,20,134,9,10,3,5130300,135023304,0,1.0,2.07,6.03,71.2,6.38,14.21,100.9,20.32,0
3217,26.2,20,135,9,10,3,6394506,136287510,0,1.0,1.95,5.97,17.1,6.12,13.43,23.9,16.52,0
3247,26.7,20,134,9,10,3,7685962,137578966,0,1.0,1.51,5.24,16.4,5.55,12.83,16.6,16.97,0
3277,28.6,20,132,9,11,1,4472736,138000294,0,1.0,1.64,28.69,295.8,6.68,184.28,464.2,209.43,0
3307,28.6,20,132,9,11,1,5770262,139297820,0,1.0,1.56,5.05,10.8,5.47,11.67,15.3,15.62,0
3337,28.6,20,132,9,11,1,7043206,140570764,0,1.0,1.91,5.77,12.7,6.04,12.76,22.9,16.75,0
3367,28.7,20,133,9,11,2,4268996,141884473,0,1.0,1.66,5.24,35.3,5.6,12.18,31.0,16.57,0
3397,28.7,20,133,9,11,2,5569098,143184575,0,1.0,1.37,5.04,13.4,5.29,12.68,107.3,16.39,0
3427,28.7,20,133,9,11,2,6797272,144412749,0,1.0,1.56,5.92,61.9,5.82,52.72,89.8,35.05,0
3457,28.7,20,133,9,11,2,8067910,145683387,0,1.0,1.79,5.53,290.0,5.71,13.03,294.7,16.24,0
3487,23.9,20,134,9,11,3,5258310,146962335,0,1.0,1.84,5.77,359.0,5.93,13.79,383.3,17.37,0
3517,25.4,20,135,9,11,3,6529594,148233619,0,1.0,1.86,5.67,12.1,6.05,12.62,20.5,16.42,0
3547,26.4,20,134,9,11,3,7813228,149517253,0,1.0,1.65,5.17,11.3,5.73,11.92,16.5,16.2,0
3577,28.9,20,132,9,12,1,4722364,150061554,0,1.0,1.43,10.05,317.5,6.19,166.62,873.0,267.0,0
3608,29.0,20,132,9,12,1,6013872,151353062,0,1.0,1.72,5.21,10.7,5.65,11.69,14.7,15.76,0
